District,Mandal,Date,rainfall,temp_min,temp_max,Year
Siddipet,Mirdoddi,01-01-2020,0,19,24.2,2020
Siddipet,Mirdoddi,02-01-2020,0,20.6,28,2020
Siddipet,Mirdoddi,03-01-2020,0,20.9,28.5,2020
Siddipet,Mirdoddi,04-01-2020,0,18.6,27.3,2020
Siddipet,Mirdoddi,05-01-2020,0,14.4,26.7,2020
Siddipet,Mirdoddi,06-01-2020,0,14.3,26.4,2020
Siddipet,Mirdoddi,07-01-2020,0,19.4,29.2,2020
Siddipet,Mirdoddi,08-01-2020,0,20.1,27,2020
Siddipet,Mirdoddi,09-01-2020,0,19.7,29.6,2020
Siddipet,Mirdoddi,10-01-2020,0,17.6,30,2020
Siddipet,Mirdoddi,11-01-2020,0,12.6,27.8,2020
Siddipet,Mirdoddi,12-01-2020,0,12.5,29,2020
Siddipet,Mirdoddi,13-01-2020,0,10.5,28.9,2020
Siddipet,Mirdoddi,14-01-2020,0,12.5,31.4,2020
Siddipet,Mirdoddi,15-01-2020,0,16.5,31.5,2020
Siddipet,Mirdoddi,16-01-2020,0,15.7,29.1,2020
Siddipet,Mirdoddi,17-01-2020,0,17.5,29.5,2020
Siddipet,Mirdoddi,18-01-2020,0,19.5,29.2,2020
Siddipet,Mirdoddi,19-01-2020,0,17.7,29.9,2020
Siddipet,Mirdoddi,20-01-2020,0,17.6,30.2,2020
Siddipet,Mirdoddi,21-01-2020,0,17.5,30.2,2020
Siddipet,Mirdoddi,22-01-2020,0,17.9,30.1,2020
Siddipet,Mirdoddi,23-01-2020,0,15.3,30.5,2020
Siddipet,Mirdoddi,24-01-2020,0,13.9,31,2020
Siddipet,Mirdoddi,25-01-2020,0,14.9,31.4,2020
Siddipet,Mirdoddi,26-01-2020,0,15,32,2020
Siddipet,Mirdoddi,27-01-2020,0,14.2,32.2,2020
Siddipet,Mirdoddi,28-01-2020,0,18.3,33.9,2020
Siddipet,Mirdoddi,29-01-2020,0,17.7,32.7,2020
Siddipet,Mirdoddi,30-01-2020,0,15,30.6,2020
Siddipet,Mirdoddi,31-01-2020,0,13.9,29.5,2020
Siddipet,Mirdoddi,01-02-2020,0,17.4,30.1,2020
Siddipet,Mirdoddi,02-02-2020,0,17.8,30.4,2020
Siddipet,Mirdoddi,03-02-2020,0,17.5,28.8,2020
Siddipet,Mirdoddi,04-02-2020,0,18.9,30.3,2020
Siddipet,Mirdoddi,05-02-2020,0,18.6,32.5,2020
Siddipet,Mirdoddi,06-02-2020,0,18.8,32.6,2020
Siddipet,Mirdoddi,07-02-2020,0,19.7,32.9,2020
Siddipet,Mirdoddi,08-02-2020,0,19.8,31.4,2020
Siddipet,Mirdoddi,09-02-2020,3.6,16.6,26.6,2020
Siddipet,Mirdoddi,10-02-2020,0,17.4,24.7,2020
Siddipet,Mirdoddi,11-02-2020,0,18.4,26.9,2020
Siddipet,Mirdoddi,12-02-2020,0,18.5,28.5,2020
Siddipet,Mirdoddi,13-02-2020,0,14.5,28.1,2020
Siddipet,Mirdoddi,14-02-2020,0,14.5,30.9,2020
Siddipet,Mirdoddi,15-02-2020,0,13.5,34.1,2020
Siddipet,Mirdoddi,16-02-2020,0,14.3,33.3,2020
Siddipet,Mirdoddi,17-02-2020,0,14.4,33.6,2020
Siddipet,Mirdoddi,18-02-2020,0,12.4,34.6,2020
Siddipet,Mirdoddi,19-02-2020,0,12.3,32.1,2020
Siddipet,Mirdoddi,20-02-2020,0,18.4,33.3,2020
Siddipet,Mirdoddi,21-02-2020,0,18.1,31,2020
Siddipet,Mirdoddi,22-02-2020,0,15.7,33.3,2020
Siddipet,Mirdoddi,23-02-2020,0,16.2,34.6,2020
Siddipet,Mirdoddi,24-02-2020,0,18.3,32.3,2020
Siddipet,Mirdoddi,25-02-2020,0,19.2,34.1,2020
Siddipet,Mirdoddi,26-02-2020,0,17.4,31.7,2020
Siddipet,Mirdoddi,27-02-2020,0,17.1,32.6,2020
Siddipet,Mirdoddi,28-02-2020,0,14.6,32.1,2020
Siddipet,Mirdoddi,29-02-2020,0,18.6,33.1,2020
Siddipet,Mirdoddi,01-03-2020,0,18.7,34.1,2020
Siddipet,Mirdoddi,02-03-2020,0,19.1,33.5,2020
Siddipet,Mirdoddi,03-03-2020,0,20.2,35.3,2020
Siddipet,Mirdoddi,04-03-2020,0,18.7,35.7,2020
Siddipet,Mirdoddi,05-03-2020,0,15.9,36,2020
Siddipet,Mirdoddi,06-03-2020,0,21.4,34.6,2020
Siddipet,Mirdoddi,07-03-2020,0,21.4,35.5,2020
Siddipet,Mirdoddi,08-03-2020,0,20.7,35.6,2020
Siddipet,Mirdoddi,09-03-2020,17.6,19.9,34.6,2020
Siddipet,Mirdoddi,10-03-2020,0.4,21.1,31.8,2020
Siddipet,Mirdoddi,11-03-2020,0,21.9,34.7,2020
Siddipet,Mirdoddi,12-03-2020,0,21,33.6,2020
Siddipet,Mirdoddi,13-03-2020,19.7,20,32.5,2020
Siddipet,Mirdoddi,14-03-2020,0,20.1,33.5,2020
Siddipet,Mirdoddi,15-03-2020,0,19.4,34,2020
Siddipet,Mirdoddi,16-03-2020,0,19.9,33.4,2020
Siddipet,Mirdoddi,17-03-2020,0,20.8,35,2020
Siddipet,Mirdoddi,18-03-2020,0,20.9,35.3,2020
Siddipet,Mirdoddi,19-03-2020,1.2,20.6,34.6,2020
Siddipet,Mirdoddi,20-03-2020,0,21.7,34.8,2020
Siddipet,Mirdoddi,21-03-2020,0,20.5,35.6,2020
Siddipet,Mirdoddi,22-03-2020,0,20.7,35.6,2020
Siddipet,Mirdoddi,23-03-2020,0,21.1,35,2020
Siddipet,Mirdoddi,24-03-2020,0,20.9,34.4,2020
Siddipet,Mirdoddi,25-03-2020,0,20.6,34.4,2020
Siddipet,Mirdoddi,26-03-2020,0,21.9,35.7,2020
Siddipet,Mirdoddi,27-03-2020,0,20.6,36.7,2020
Siddipet,Mirdoddi,28-03-2020,0,19.9,37.2,2020
Siddipet,Mirdoddi,29-03-2020,0,22.1,37.8,2020
Siddipet,Mirdoddi,30-03-2020,0,21.8,37.9,2020
Siddipet,Mirdoddi,31-03-2020,0,21.3,37.1,2020
Siddipet,Mirdoddi,01-04-2020,0,24.4,38.3,2020
Siddipet,Mirdoddi,02-04-2020,0,19.8,36.2,2020
Siddipet,Mirdoddi,03-04-2020,0,21.7,35.7,2020
Siddipet,Mirdoddi,04-04-2020,0,21.2,33.3,2020
Siddipet,Mirdoddi,05-04-2020,0,18.7,30.6,2020
Siddipet,Mirdoddi,06-04-2020,0,21.6,34.3,2020
Siddipet,Mirdoddi,07-04-2020,0.2,19.4,35.8,2020
Siddipet,Mirdoddi,08-04-2020,0,20.6,37,2020
Siddipet,Mirdoddi,09-04-2020,0.2,19.9,35,2020
Siddipet,Mirdoddi,10-04-2020,3.4,18.1,34.6,2020
Siddipet,Mirdoddi,11-04-2020,0,18.7,34.5,2020
Siddipet,Mirdoddi,12-04-2020,0,18.9,35,2020
Siddipet,Mirdoddi,13-04-2020,0,19.3,35.9,2020
Siddipet,Mirdoddi,14-04-2020,0,20.3,35.3,2020
Siddipet,Mirdoddi,15-04-2020,0,19.2,35.5,2020
Siddipet,Mirdoddi,16-04-2020,0,19.1,36.5,2020
Siddipet,Mirdoddi,17-04-2020,0,21,38.2,2020
Siddipet,Mirdoddi,18-04-2020,0,21.6,37.8,2020
Siddipet,Mirdoddi,19-04-2020,0,22.7,38.2,2020
Siddipet,Mirdoddi,20-04-2020,4.4,19.5,32,2020
Siddipet,Mirdoddi,21-04-2020,0,19.1,36.2,2020
Siddipet,Mirdoddi,22-04-2020,0,21.5,37.2,2020
Siddipet,Mirdoddi,23-04-2020,0,21.9,37,2020
Siddipet,Mirdoddi,24-04-2020,0,22.7,38.3,2020
Siddipet,Mirdoddi,25-04-2020,0,21.6,36.8,2020
Siddipet,Mirdoddi,26-04-2020,0,23.1,37,2020
Siddipet,Mirdoddi,27-04-2020,0,21.3,36.8,2020
Siddipet,Mirdoddi,28-04-2020,0,23,37.2,2020
Siddipet,Mirdoddi,29-04-2020,0,20.2,36.2,2020
Siddipet,Mirdoddi,30-04-2020,0,24.5,37.4,2020
Siddipet,Mirdoddi,01-05-2020,0,23.4,37.6,2020
Siddipet,Mirdoddi,02-05-2020,0,22.6,37.6,2020
Siddipet,Mirdoddi,03-05-2020,0,24.3,39,2020
Siddipet,Mirdoddi,04-05-2020,0,24.8,39.9,2020
Siddipet,Mirdoddi,05-05-2020,0,28.1,43.5,2020
Siddipet,Mirdoddi,06-05-2020,0,25.5,41.8,2020
Siddipet,Mirdoddi,07-05-2020,0,25.6,40.2,2020
Siddipet,Mirdoddi,08-05-2020,38.6,20.6,34.8,2020
Siddipet,Mirdoddi,09-05-2020,0,25.7,35.5,2020
Siddipet,Mirdoddi,10-05-2020,0,24,38.4,2020
Siddipet,Mirdoddi,11-05-2020,0,19.8,33,2020
Siddipet,Mirdoddi,12-05-2020,0,24.4,37,2020
Siddipet,Mirdoddi,13-05-2020,0,24.4,36.1,2020
Siddipet,Mirdoddi,14-05-2020,0,27.1,39.4,2020
Siddipet,Mirdoddi,15-05-2020,0,25.6,39.6,2020
Siddipet,Mirdoddi,16-05-2020,0,27.1,38.7,2020
Siddipet,Mirdoddi,17-05-2020,7.8,26.3,36,2020
Siddipet,Mirdoddi,18-05-2020,0,26.7,35.6,2020
Siddipet,Mirdoddi,19-05-2020,0,24.9,39.5,2020
Siddipet,Mirdoddi,20-05-2020,0,25.4,38.2,2020
Siddipet,Mirdoddi,21-05-2020,0,25,40.2,2020
Siddipet,Mirdoddi,22-05-2020,0,21.5,40.4,2020
Siddipet,Mirdoddi,23-05-2020,0,24.3,41.4,2020
Siddipet,Mirdoddi,24-05-2020,0,28.6,41.5,2020
Siddipet,Mirdoddi,25-05-2020,0,29.3,43.4,2020
Siddipet,Mirdoddi,26-05-2020,0,28.1,42.5,2020
Siddipet,Mirdoddi,27-05-2020,0,29,40.2,2020
Siddipet,Mirdoddi,28-05-2020,0,24.6,41.5,2020
Siddipet,Mirdoddi,29-05-2020,0,26.5,41.4,2020
Siddipet,Mirdoddi,30-05-2020,3,26,41.5,2020
Siddipet,Mirdoddi,31-05-2020,0,27.7,39.2,2020
Siddipet,Mirdoddi,01-06-2020,20,21.3,34.8,2020
Siddipet,Mirdoddi,02-06-2020,12.4,21.6,34,2020
Siddipet,Mirdoddi,03-06-2020,10.2,23.6,35.8,2020
Siddipet,Mirdoddi,04-06-2020,0,25.5,33.6,2020
Siddipet,Mirdoddi,05-06-2020,0,24.9,34.2,2020
Siddipet,Mirdoddi,06-06-2020,0,25.6,35.1,2020
Siddipet,Mirdoddi,07-06-2020,0,26.6,35.6,2020
Siddipet,Mirdoddi,08-06-2020,0,25.9,35.6,2020
Siddipet,Mirdoddi,09-06-2020,0,27.1,36.4,2020
Siddipet,Mirdoddi,10-06-2020,6.8,23.2,37.4,2020
Siddipet,Mirdoddi,11-06-2020,42.6,22.9,35,2020
Siddipet,Mirdoddi,12-06-2020,27.4,22.9,26.7,2020
Siddipet,Mirdoddi,13-06-2020,0,24.2,28.7,2020
Siddipet,Mirdoddi,14-06-2020,0,22.5,31.9,2020
Siddipet,Mirdoddi,15-06-2020,0,25.4,32.3,2020
Siddipet,Mirdoddi,16-06-2020,4.4,25.2,32.9,2020
Siddipet,Mirdoddi,17-06-2020,17.9,23.7,31.6,2020
Siddipet,Mirdoddi,18-06-2020,0,24.2,29.5,2020
Siddipet,Mirdoddi,19-06-2020,9.7,22.9,31.7,2020
Siddipet,Mirdoddi,20-06-2020,0,25.6,29.9,2020
Siddipet,Mirdoddi,21-06-2020,4.7,23.5,32,2020
Siddipet,Mirdoddi,22-06-2020,0,25.2,29.3,2020
Siddipet,Mirdoddi,23-06-2020,0,24.5,30,2020
Siddipet,Mirdoddi,24-06-2020,0.3,24.8,33.3,2020
Siddipet,Mirdoddi,25-06-2020,0,24.2,35.1,2020
Siddipet,Mirdoddi,26-06-2020,0,24.9,34.3,2020
Siddipet,Mirdoddi,27-06-2020,0,24.8,33.3,2020
Siddipet,Mirdoddi,28-06-2020,23.2,22.8,34.2,2020
Siddipet,Mirdoddi,29-06-2020,0,25.1,33.5,2020
Siddipet,Mirdoddi,30-06-2020,0,22.5,33.9,2020
Siddipet,Mirdoddi,01-07-2020,1.7,22.5,33.8,2020
Siddipet,Mirdoddi,02-07-2020,0,22.5,32.7,2020
Siddipet,Mirdoddi,03-07-2020,0,22.5,33.5,2020
Siddipet,Mirdoddi,04-07-2020,107.3,22.7,31.9,2020
Siddipet,Mirdoddi,05-07-2020,3,23.5,29,2020
Siddipet,Mirdoddi,06-07-2020,28.8,22.5,28.4,2020
Siddipet,Mirdoddi,07-07-2020,0,24.6,28.9,2020
Siddipet,Mirdoddi,08-07-2020,0,23.5,32,2020
Siddipet,Mirdoddi,09-07-2020,1.2,23.8,33.4,2020
Siddipet,Mirdoddi,10-07-2020,9.6,22,31.7,2020
Siddipet,Mirdoddi,11-07-2020,29.2,22.9,28.2,2020
Siddipet,Mirdoddi,12-07-2020,0,24.3,31.5,2020
Siddipet,Mirdoddi,13-07-2020,0,22.5,31.2,2020
Siddipet,Mirdoddi,14-07-2020,0,24.6,30.2,2020
Siddipet,Mirdoddi,15-07-2020,1.3,23.6,29.4,2020
Siddipet,Mirdoddi,16-07-2020,55.4,22.5,30.1,2020
Siddipet,Mirdoddi,17-07-2020,0,22.7,28.2,2020
Siddipet,Mirdoddi,18-07-2020,12.2,22.5,31.3,2020
Siddipet,Mirdoddi,19-07-2020,0,22.5,32.6,2020
Siddipet,Mirdoddi,20-07-2020,15.5,22.9,32.3,2020
Siddipet,Mirdoddi,21-07-2020,0,24.8,31.4,2020
Siddipet,Mirdoddi,22-07-2020,0,24.8,33.6,2020
Siddipet,Mirdoddi,23-07-2020,11.6,21.9,33.1,2020
Siddipet,Mirdoddi,24-07-2020,3.5,22.6,28.1,2020
Siddipet,Mirdoddi,25-07-2020,3.9,23.3,34,2020
Siddipet,Mirdoddi,26-07-2020,0,23.5,33.1,2020
Siddipet,Mirdoddi,27-07-2020,0,23.8,33.9,2020
Siddipet,Mirdoddi,28-07-2020,0,24.9,33.3,2020
Siddipet,Mirdoddi,29-07-2020,1.8,23.1,33.3,2020
Siddipet,Mirdoddi,30-07-2020,16.7,24.4,33.2,2020
Siddipet,Mirdoddi,31-07-2020,0,23.8,35.4,2020
Siddipet,Mirdoddi,01-08-2020,2.2,25.4,34.4,2020
Siddipet,Mirdoddi,02-08-2020,9.2,24,32.8,2020
Siddipet,Mirdoddi,03-08-2020,4.1,24.5,33.6,2020
Siddipet,Mirdoddi,04-08-2020,0.4,24.3,29.7,2020
Siddipet,Mirdoddi,05-08-2020,1.5,24.5,29.4,2020
Siddipet,Mirdoddi,06-08-2020,0,24.5,29.6,2020
Siddipet,Mirdoddi,07-08-2020,1.2,24.6,32.3,2020
Siddipet,Mirdoddi,08-08-2020,0,24.2,31.8,2020
Siddipet,Mirdoddi,09-08-2020,0,24.1,29.6,2020
Siddipet,Mirdoddi,10-08-2020,32.6,22.9,27.9,2020
Siddipet,Mirdoddi,11-08-2020,25.6,21.7,24.7,2020
Siddipet,Mirdoddi,12-08-2020,1.9,24.4,31,2020
Siddipet,Mirdoddi,13-08-2020,32.4,22.7,28.9,2020
Siddipet,Mirdoddi,14-08-2020,27.4,22.2,24.7,2020
Siddipet,Mirdoddi,15-08-2020,39,22.5,27.1,2020
Siddipet,Mirdoddi,16-08-2020,28.1,22.6,24.5,2020
Siddipet,Mirdoddi,17-08-2020,32.8,22.7,24.7,2020
Siddipet,Mirdoddi,18-08-2020,13.9,22.9,28.3,2020
Siddipet,Mirdoddi,19-08-2020,23.8,22.7,29.3,2020
Siddipet,Mirdoddi,20-08-2020,23.5,22.8,26.2,2020
Siddipet,Mirdoddi,21-08-2020,20.5,24.2,24.7,2020
Siddipet,Mirdoddi,22-08-2020,13.6,23.5,28.4,2020
Siddipet,Mirdoddi,23-08-2020,0,23.8,31.9,2020
Siddipet,Mirdoddi,24-08-2020,0,23.3,32.1,2020
Siddipet,Mirdoddi,25-08-2020,0,23.5,32,2020
Siddipet,Mirdoddi,26-08-2020,0.3,24.9,32.7,2020
Siddipet,Mirdoddi,27-08-2020,24.7,22.3,31.1,2020
Siddipet,Mirdoddi,28-08-2020,24.7,22.1,27,2020
Siddipet,Mirdoddi,29-08-2020,0,24.5,30.8,2020
Siddipet,Mirdoddi,30-08-2020,11.7,24,31.4,2020
Siddipet,Mirdoddi,31-08-2020,0,22.7,33.5,2020
Siddipet,Mirdoddi,01-09-2020,0,24.3,33.7,2020
Siddipet,Mirdoddi,02-09-2020,0,24.9,33.6,2020
Siddipet,Mirdoddi,03-09-2020,0,23.6,31.8,2020
Siddipet,Mirdoddi,04-09-2020,0,24.6,34,2020
Siddipet,Mirdoddi,05-09-2020,0,24.5,32.6,2020
Siddipet,Mirdoddi,06-09-2020,0,24.8,34,2020
Siddipet,Mirdoddi,07-09-2020,0,24.6,32.8,2020
Siddipet,Mirdoddi,08-09-2020,0,22.5,33.8,2020
Siddipet,Mirdoddi,09-09-2020,0,24.6,34.8,2020
Siddipet,Mirdoddi,10-09-2020,1.9,24.9,34.4,2020
Siddipet,Mirdoddi,11-09-2020,31.3,22,32.9,2020
Siddipet,Mirdoddi,12-09-2020,11.4,23.1,32.8,2020
Siddipet,Mirdoddi,13-09-2020,3.9,22.5,30.4,2020
Siddipet,Mirdoddi,14-09-2020,8.3,23.6,30,2020
Siddipet,Mirdoddi,15-09-2020,37.2,22.9,28.8,2020
Siddipet,Mirdoddi,16-09-2020,29.5,22.7,32.1,2020
Siddipet,Mirdoddi,17-09-2020,13.5,23,32.8,2020
Siddipet,Mirdoddi,18-09-2020,0.7,24.3,31.8,2020
Siddipet,Mirdoddi,19-09-2020,3.1,24.7,34.2,2020
Siddipet,Mirdoddi,20-09-2020,1,23.3,32,2020
Siddipet,Mirdoddi,21-09-2020,20.7,23.3,33.1,2020
Siddipet,Mirdoddi,22-09-2020,0,24.5,30.7,2020
Siddipet,Mirdoddi,23-09-2020,2.3,23.9,32.2,2020
Siddipet,Mirdoddi,24-09-2020,0,23.9,30.4,2020
Siddipet,Mirdoddi,25-09-2020,0,23.8,30.9,2020
Siddipet,Mirdoddi,26-09-2020,66.7,22.4,31.1,2020
Siddipet,Mirdoddi,27-09-2020,30.5,22.6,24.9,2020
Siddipet,Mirdoddi,28-09-2020,0,22.3,30.5,2020
Siddipet,Mirdoddi,29-09-2020,0,22.8,31.4,2020
Siddipet,Mirdoddi,30-09-2020,4.4,22.2,29.5,2020
Siddipet,Mirdoddi,01-Oct-20,4.8,22.2,31.6,2020
Siddipet,Mirdoddi,02-Oct-20,0,22.6,31.5,2020
Siddipet,Mirdoddi,03-Oct-20,0,22.5,33.6,2020
Siddipet,Mirdoddi,04-Oct-20,0,22.6,33.8,2020
Siddipet,Mirdoddi,05-Oct-20,0,22.1,33.4,2020
Siddipet,Mirdoddi,06-Oct-20,0,22.6,32.7,2020
Siddipet,Mirdoddi,07-Oct-20,0,24.3,31.4,2020
Siddipet,Mirdoddi,08-Oct-20,0,21.9,26.8,2020
Siddipet,Mirdoddi,09-Oct-20,0,22.5,31.5,2020
Siddipet,Mirdoddi,10-Oct-20,0,24.1,33.8,2020
Siddipet,Mirdoddi,11-Oct-20,5.8,24.6,32.5,2020
Siddipet,Mirdoddi,12-Oct-20,63.3,23.3,29.3,2020
Siddipet,Mirdoddi,13-Oct-20,4.3,22.5,31.1,2020
Siddipet,Mirdoddi,14-Oct-20,85.1,23.1,25.7,2020
Siddipet,Mirdoddi,15-Oct-20,2.6,24.1,28,2020
Siddipet,Mirdoddi,16-Oct-20,0,22.7,32.1,2020
Siddipet,Mirdoddi,17-Oct-20,0,24.2,33.8,2020
Siddipet,Mirdoddi,18-Oct-20,23.4,22.2,33.1,2020
Siddipet,Mirdoddi,19-Oct-20,0,24.2,31.9,2020
Siddipet,Mirdoddi,20-Oct-20,10.9,22.7,33.1,2020
Siddipet,Mirdoddi,21-Oct-20,2.1,23.2,31.9,2020
Siddipet,Mirdoddi,22-Oct-20,0,21.9,31.7,2020
Siddipet,Mirdoddi,23-Oct-20,0,21,33.6,2020
Siddipet,Mirdoddi,24-Oct-20,0,21.6,34.2,2020
Siddipet,Mirdoddi,25-Oct-20,0,20.7,34.6,2020
Siddipet,Mirdoddi,26-Oct-20,0,21.2,34.1,2020
Siddipet,Mirdoddi,27-Oct-20,0,20.3,32.8,2020
Siddipet,Mirdoddi,28-Oct-20,0,19.3,32.7,2020
Siddipet,Mirdoddi,29-Oct-20,0,19.9,33.3,2020
Siddipet,Mirdoddi,30-Oct-20,0,20.8,33.3,2020
Siddipet,Mirdoddi,31-Oct-20,0,19.3,31.7,2020
Siddipet,Mirdoddi,01-Nov-20,0,17.6,30.2,2020
Siddipet,Mirdoddi,02-Nov-20,0,17.3,33,2020
Siddipet,Mirdoddi,03-Nov-20,0,18.6,31,2020
Siddipet,Mirdoddi,04-Nov-20,0,16.9,31,2020
Siddipet,Mirdoddi,05-Nov-20,0,17.3,32.7,2020
Siddipet,Mirdoddi,06-Nov-20,0,16.1,30.2,2020
Siddipet,Mirdoddi,07-Nov-20,0,19.4,29.9,2020
Siddipet,Mirdoddi,08-Nov-20,0,17.1,32.3,2020
Siddipet,Mirdoddi,09-Nov-20,0,13.8,32,2020
Siddipet,Mirdoddi,10-Nov-20,0,12.4,30.7,2020
Siddipet,Mirdoddi,11-Nov-20,0,14.1,30,2020
Siddipet,Mirdoddi,12-Nov-20,0,19.9,32.1,2020
Siddipet,Mirdoddi,13-Nov-20,0,19.9,32,2020
Siddipet,Mirdoddi,14-Nov-20,0,21.8,32,2020
Siddipet,Mirdoddi,15-Nov-20,0,20.3,34.6,2020
Siddipet,Mirdoddi,16-Nov-20,0,22.1,34.6,2020
Siddipet,Mirdoddi,17-Nov-20,0,21.8,34.6,2020
Siddipet,Mirdoddi,18-Nov-20,0,19.7,34.6,2020
Siddipet,Mirdoddi,19-Nov-20,0,22.7,32.5,2020
Siddipet,Mirdoddi,20-Nov-20,0,20.8,34.6,2020
Siddipet,Mirdoddi,21-Nov-20,0,20.1,34.7,2020
Siddipet,Mirdoddi,22-Nov-20,0,18.8,34.6,2020
Siddipet,Mirdoddi,23-Nov-20,0,17.2,32,2020
Siddipet,Mirdoddi,24-Nov-20,0,16.8,32,2020
Siddipet,Mirdoddi,25-Nov-20,0,16.7,30.5,2020
Siddipet,Mirdoddi,26-Nov-20,0,19.8,32.1,2020
Siddipet,Mirdoddi,27-Nov-20,0,21.7,29.5,2020
Siddipet,Mirdoddi,28-Nov-20,1.2,17.2,23.1,2020
Siddipet,Mirdoddi,29-Nov-20,0,19.8,30.2,2020
Siddipet,Mirdoddi,30-Nov-20,0,21,32,2020
Siddipet,Mirdoddi,01-Dec-20,0,16.7,32.5,2020
Siddipet,Mirdoddi,02-Dec-20,0,16.7,32,2020
Siddipet,Mirdoddi,03-Dec-20,0,14.9,32,2020
Siddipet,Mirdoddi,04-Dec-20,0,16.8,32,2020
Siddipet,Mirdoddi,05-Dec-20,0,12,32,2020
Siddipet,Mirdoddi,06-Dec-20,0,15.1,32,2020
Siddipet,Mirdoddi,07-Dec-20,0,14.3,32.5,2020
Siddipet,Mirdoddi,08-Dec-20,0,16.7,32,2020
Siddipet,Mirdoddi,09-Dec-20,0,16.7,33,2020
Siddipet,Mirdoddi,10-Dec-20,0,17.1,32.5,2020
Siddipet,Mirdoddi,11-Dec-20,0,19.2,32.4,2020
Siddipet,Mirdoddi,12-Dec-20,0,17.7,32.4,2020
Siddipet,Mirdoddi,13-Dec-20,0,15.8,32,2020
Siddipet,Mirdoddi,14-Dec-20,0,18.4,32,2020
Siddipet,Mirdoddi,15-Dec-20,0,16.9,32,2020
Siddipet,Mirdoddi,16-Dec-20,0,19.2,32,2020
Siddipet,Mirdoddi,17-Dec-20,0,19.2,32,2020
Siddipet,Mirdoddi,18-Dec-20,0,19.2,32,2020
Siddipet,Mirdoddi,19-Dec-20,0,19.2,30,2020
Siddipet,Mirdoddi,20-Dec-20,0,14.7,30.2,2020
Siddipet,Mirdoddi,21-Dec-20,0,12.5,29.5,2020
Siddipet,Mirdoddi,22-Dec-20,0,12,29.5,2020
Siddipet,Mirdoddi,23-Dec-20,0,12.8,29.6,2020
Siddipet,Mirdoddi,24-Dec-20,0,14.6,30.5,2020
Siddipet,Mirdoddi,25-Dec-20,0,13.1,30.5,2020
Siddipet,Mirdoddi,26-Dec-20,0,14.2,29.5,2020
Siddipet,Mirdoddi,27-Dec-20,0,14.7,30.4,2020
Siddipet,Mirdoddi,28-Dec-20,0,15,30.7,2020
Siddipet,Mirdoddi,29-Dec-20,0,17.3,32,2020
Siddipet,Mirdoddi,30-Dec-20,0,16.8,30.3,2020
Siddipet,Mirdoddi,31-Dec-20,0,19.2,30.3,2020
Siddipet,Mirdoddi,01-Jan-21,0,17.1,29.5,2021
Siddipet,Mirdoddi,02-Jan-21,0,17.6,29.5,2021
Siddipet,Mirdoddi,03-Jan-21,0,15.6,30,2021
Siddipet,Mirdoddi,04-Jan-21,0,17.4,29.8,2021
Siddipet,Mirdoddi,05-Jan-21,0,17.9,30.5,2021
Siddipet,Mirdoddi,06-Jan-21,0,20.1,30.7,2021
Siddipet,Mirdoddi,07-Jan-21,5.5,21.8,29.5,2021
Siddipet,Mirdoddi,08-Jan-21,0,24.3,29.5,2021
Siddipet,Mirdoddi,09-Jan-21,0,20.5,32,2021
Siddipet,Mirdoddi,10-Jan-21,0,21.8,32,2021
Siddipet,Mirdoddi,11-Jan-21,0,17.4,32.8,2021
Siddipet,Mirdoddi,12-Jan-21,0,18.9,32.3,2021
Siddipet,Mirdoddi,13-Jan-21,0,20.3,32,2021
Siddipet,Mirdoddi,14-Jan-21,0,19.2,32.6,2021
Siddipet,Mirdoddi,15-Jan-21,0,16.8,32.6,2021
Siddipet,Mirdoddi,16-Jan-21,0,19.2,32,2021
Siddipet,Mirdoddi,17-Jan-21,0,19.2,32,2021
Siddipet,Mirdoddi,18-Jan-21,0,20.3,32,2021
Siddipet,Mirdoddi,19-Jan-21,0,19.7,32,2021
Siddipet,Mirdoddi,20-Jan-21,0,19.2,32.4,2021
Siddipet,Mirdoddi,21-Jan-21,0,16.6,34.6,2021
Siddipet,Mirdoddi,22-Jan-21,0,20.3,34.6,2021
Siddipet,Mirdoddi,23-Jan-21,0,19.3,32.8,2021
Siddipet,Mirdoddi,24-Jan-21,0,19.3,33.1,2021
Siddipet,Mirdoddi,25-Jan-21,0,20.3,34,2021
Siddipet,Mirdoddi,26-Jan-21,0,19.6,34.6,2021
Siddipet,Mirdoddi,27-Jan-21,0,19.1,34.6,2021
Siddipet,Mirdoddi,28-Jan-21,0,20.4,32.9,2021
Siddipet,Mirdoddi,29-Jan-21,0,20.1,32,2021
Siddipet,Mirdoddi,30-Jan-21,0,20,33,2021
Siddipet,Mirdoddi,31-Jan-21,0,19.1,32.4,2021
Siddipet,Mirdoddi,01-Feb-21,0,20.2,32.2,2021
Siddipet,Mirdoddi,02-Feb-21,0,17.3,30.7,2021
Siddipet,Mirdoddi,03-Feb-21,0,15.3,32.5,2021
Siddipet,Mirdoddi,04-Feb-21,0,16.7,32,2021
Siddipet,Mirdoddi,05-Feb-21,0,16.7,32,2021
Siddipet,Mirdoddi,06-Feb-21,0,17.7,32.2,2021
Siddipet,Mirdoddi,07-Feb-21,0,17.8,32.2,2021
Siddipet,Mirdoddi,08-Feb-21,0,15,29.9,2021
Siddipet,Mirdoddi,09-Feb-21,0,15.2,29.7,2021
Siddipet,Mirdoddi,10-Feb-21,0,15.2,32.7,2021
Siddipet,Mirdoddi,11-Feb-21,0,16.7,32.6,2021
Siddipet,Mirdoddi,12-Feb-21,0,17.7,32.6,2021
Siddipet,Mirdoddi,13-Feb-21,0,19.2,32.8,2021
Siddipet,Mirdoddi,14-Feb-21,0,19.2,32.7,2021
Siddipet,Mirdoddi,15-Feb-21,0,19.8,34.6,2021
Siddipet,Mirdoddi,16-Feb-21,0,19.5,34.7,2021
Siddipet,Mirdoddi,17-Feb-21,0,20.4,34.8,2021
Siddipet,Mirdoddi,18-Feb-21,0,20.1,34.6,2021
Siddipet,Mirdoddi,19-Feb-21,0,21.8,32,2021
Siddipet,Mirdoddi,20-Feb-21,0,19.2,29.5,2021
Siddipet,Mirdoddi,21-Feb-21,0,18,32,2021
Siddipet,Mirdoddi,22-Feb-21,0,19.7,32.2,2021
Siddipet,Mirdoddi,23-Feb-21,0,19.2,32.9,2021
Siddipet,Mirdoddi,24-Feb-21,0,19.2,34.6,2021
Siddipet,Mirdoddi,25-Feb-21,0,18.4,35.3,2021
Siddipet,Mirdoddi,26-Feb-21,0,16.3,37.1,2021
Siddipet,Mirdoddi,27-Feb-21,0,19.8,37.9,2021
Siddipet,Mirdoddi,28-Feb-21,0,19.8,36.1,2021
Siddipet,Mirdoddi,01-Mar-21,0,24.6,37.4,2021
Siddipet,Mirdoddi,02-Mar-21,0,21.8,37.4,2021
Siddipet,Mirdoddi,03-Mar-21,0,19.8,36.1,2021
Siddipet,Mirdoddi,04-Mar-21,0,16.4,36.1,2021
Siddipet,Mirdoddi,05-Mar-21,0,16.4,36.1,2021
Siddipet,Mirdoddi,06-Mar-21,0,16.4,36.9,2021
Siddipet,Mirdoddi,07-Mar-21,0,20.1,36.5,2021
Siddipet,Mirdoddi,08-Mar-21,0,21.8,37.4,2021
Siddipet,Mirdoddi,09-Mar-21,0,19.1,36.9,2021
Siddipet,Mirdoddi,10-Mar-21,0,22,36.1,2021
Siddipet,Mirdoddi,11-Mar-21,0,21.8,36.5,2021
Siddipet,Mirdoddi,12-Mar-21,0,19.2,36.9,2021
Siddipet,Mirdoddi,13-Mar-21,0,19.3,37.1,2021
Siddipet,Mirdoddi,14-Mar-21,0,17.9,33.9,2021
Siddipet,Mirdoddi,15-Mar-21,0,19.6,36.7,2021
Siddipet,Mirdoddi,16-Mar-21,0,21.8,36.6,2021
Siddipet,Mirdoddi,17-Mar-21,0,22.1,36.9,2021
Siddipet,Mirdoddi,18-Mar-21,0,20.5,37.4,2021
Siddipet,Mirdoddi,19-Mar-21,0,22.5,36.4,2021
Siddipet,Mirdoddi,20-Mar-21,0,20.8,34.4,2021
Siddipet,Mirdoddi,21-Mar-21,0,20.1,34.3,2021
Siddipet,Mirdoddi,22-Mar-21,0,22.3,34.6,2021
Siddipet,Mirdoddi,23-Mar-21,0,22.8,36.1,2021
Siddipet,Mirdoddi,24-Mar-21,0,21.8,33.6,2021
Siddipet,Mirdoddi,25-Mar-21,0,19.7,36.4,2021
Siddipet,Mirdoddi,26-Mar-21,0,22.4,36.4,2021
Siddipet,Mirdoddi,27-Mar-21,0,22.2,37.4,2021
Siddipet,Mirdoddi,28-Mar-21,0,22,38.9,2021
Siddipet,Mirdoddi,29-Mar-21,0,22.8,39.7,2021
Siddipet,Mirdoddi,30-Mar-21,0,24.3,39.6,2021
Siddipet,Mirdoddi,31-Mar-21,0,22.8,39.6,2021
Siddipet,Mirdoddi,01-Apr-21,0,21.9,39.4,2021
Siddipet,Mirdoddi,02-Apr-21,0,24.3,39.1,2021
Siddipet,Mirdoddi,03-Apr-21,0,23,38.9,2021
Siddipet,Mirdoddi,04-Apr-21,0,24.9,39.6,2021
Siddipet,Mirdoddi,05-Apr-21,0,24.3,37.3,2021
Siddipet,Mirdoddi,06-Apr-21,0,22.6,37.2,2021
Siddipet,Mirdoddi,07-Apr-21,0,22.5,38.8,2021
Siddipet,Mirdoddi,08-Apr-21,0,25.6,38.8,2021
Siddipet,Mirdoddi,09-Apr-21,0,23.8,37.4,2021
Siddipet,Mirdoddi,10-Apr-21,0,24.3,37.4,2021
Siddipet,Mirdoddi,11-Apr-21,0,23.4,36.9,2021
Siddipet,Mirdoddi,12-Apr-21,0,24.3,36.1,2021
Siddipet,Mirdoddi,13-Apr-21,9.4,23.9,36.1,2021
Siddipet,Mirdoddi,14-Apr-21,1.1,20.8,37.1,2021
Siddipet,Mirdoddi,15-Apr-21,0,22.4,34.4,2021
Siddipet,Mirdoddi,16-Apr-21,0,22,36.1,2021
Siddipet,Mirdoddi,17-Apr-21,0,22.2,36.1,2021
Siddipet,Mirdoddi,18-Apr-21,0,25,38.7,2021
Siddipet,Mirdoddi,19-Apr-21,0,25.3,39.8,2021
Siddipet,Mirdoddi,20-Apr-21,0,26.9,39.9,2021
Siddipet,Mirdoddi,21-Apr-21,0,27.3,39.8,2021
Siddipet,Mirdoddi,22-Apr-21,0,23.7,39.4,2021
Siddipet,Mirdoddi,23-Apr-21,0,20.9,38.7,2021
Siddipet,Mirdoddi,24-Apr-21,0,23.5,38.7,2021
Siddipet,Mirdoddi,25-Apr-21,0,22.6,39.1,2021
Siddipet,Mirdoddi,26-Apr-21,0,26.9,39.7,2021
Siddipet,Mirdoddi,27-Apr-21,0,25.5,40,2021
Siddipet,Mirdoddi,28-Apr-21,0,26.9,39.3,2021
Siddipet,Mirdoddi,29-Apr-21,0,25.3,39.9,2021
Siddipet,Mirdoddi,30-Apr-21,0,24.6,39.9,2021
Siddipet,Mirdoddi,01-May-21,0,26.6,39.9,2021
Siddipet,Mirdoddi,01-May-21,0,26.6,39.9,2021
Siddipet,Mirdoddi,02-May-21,0,24.2,37.2,2021
Siddipet,Mirdoddi,02-May-21,0,24.2,37.2,2021
Siddipet,Mirdoddi,03-May-21,0,23.4,36.4,2021
Siddipet,Mirdoddi,03-May-21,0,23.4,36.4,2021
Siddipet,Mirdoddi,04-May-21,0,23.5,37.2,2021
Siddipet,Mirdoddi,04-May-21,0,23.5,37.2,2021
Siddipet,Mirdoddi,05-May-21,0,26.7,37.3,2021
Siddipet,Mirdoddi,05-May-21,0,26.7,37.3,2021
Siddipet,Mirdoddi,06-May-21,0,26.9,38.7,2021
Siddipet,Mirdoddi,06-May-21,0,26.9,38.7,2021
Siddipet,Mirdoddi,07-May-21,0,24.2,37.4,2021
Siddipet,Mirdoddi,07-May-21,0,24.2,37.4,2021
Siddipet,Mirdoddi,08-May-21,0,26,38.7,2021
Siddipet,Mirdoddi,08-May-21,0,26,38.7,2021
Siddipet,Mirdoddi,09-May-21,0,26.5,37.1,2021
Siddipet,Mirdoddi,09-May-21,0,26.5,37.1,2021
Siddipet,Mirdoddi,10-May-21,0,26.5,39,2021
Siddipet,Mirdoddi,10-May-21,0,26.5,39,2021
Siddipet,Mirdoddi,11-May-21,0,25.4,38.7,2021
Siddipet,Mirdoddi,11-May-21,10.9,25.4,38.7,2021
Siddipet,Mirdoddi,12-May-21,0,23.8,39.9,2021
Siddipet,Mirdoddi,12-May-21,0,23.8,39.9,2021
Siddipet,Mirdoddi,13-May-21,0,28.2,39.2,2021
Siddipet,Mirdoddi,13-May-21,0,28.2,39.2,2021
Siddipet,Mirdoddi,14-May-21,0,27.4,39.9,2021
Siddipet,Mirdoddi,14-May-21,0,27.4,39.9,2021
Siddipet,Mirdoddi,15-May-21,0,25.2,38.7,2021
Siddipet,Mirdoddi,15-May-21,23.1,25.2,38.7,2021
Siddipet,Mirdoddi,16-May-21,0,25.8,36.1,2021
Siddipet,Mirdoddi,16-May-21,0,25.8,36.1,2021
Siddipet,Mirdoddi,17-May-21,5,24.8,33.6,2021
Siddipet,Mirdoddi,18-May-21,0,25.4,36.2,2021
Siddipet,Mirdoddi,19-May-21,0,26.3,36.6,2021
Siddipet,Mirdoddi,20-May-21,0.5,25,37.2,2021
Siddipet,Mirdoddi,21-May-21,0,23.9,36.4,2021
Siddipet,Mirdoddi,22-May-21,0,26.2,38.7,2021
Siddipet,Mirdoddi,23-May-21,0,28,38.7,2021
Siddipet,Mirdoddi,24-May-21,0,26.3,39,2021
Siddipet,Mirdoddi,25-May-21,0,26.9,38.7,2021
Siddipet,Mirdoddi,26-May-21,0,28,39.1,2021
Siddipet,Mirdoddi,27-May-21,0,29.6,39.6,2021
Siddipet,Mirdoddi,28-May-21,0,26.2,39,2021
Siddipet,Mirdoddi,29-May-21,0,29.5,37.3,2021
Siddipet,Mirdoddi,30-May-21,6.8,26.6,39.7,2021
Siddipet,Mirdoddi,31-May-21,0,27.4,37.2,2021
Siddipet,Mirdoddi,01-Jun-21,3.8,25.9,39.1,2021
Siddipet,Mirdoddi,02-Jun-21,25.2,26.8,39.2,2021
Siddipet,Mirdoddi,03-Jun-21,32.8,24.3,36.1,2021
Siddipet,Mirdoddi,04-Jun-21,0.8,25.1,32.2,2021
Siddipet,Mirdoddi,05-Jun-21,8.5,23.9,36.1,2021
Siddipet,Mirdoddi,06-Jun-21,0.5,24.7,36.1,2021
Siddipet,Mirdoddi,07-Jun-21,0,26.9,34.8,2021
Siddipet,Mirdoddi,08-Jun-21,0,26.9,34.5,2021
Siddipet,Mirdoddi,09-Jun-21,25.8,25.3,37,2021
Siddipet,Mirdoddi,10-Jun-21,0.4,24.3,33.6,2021
Siddipet,Mirdoddi,11-Jun-21,16.7,23.8,33,2021
Siddipet,Mirdoddi,12-Jun-21,0,23.8,32,2021
Siddipet,Mirdoddi,13-Jun-21,0,24.1,32,2021
Siddipet,Mirdoddi,14-Jun-21,65.5,24.3,33.6,2021
Siddipet,Mirdoddi,15-Jun-21,0.5,24.1,32.6,2021
Siddipet,Mirdoddi,16-Jun-21,0,23.8,33.6,2021
Siddipet,Mirdoddi,17-Jun-21,0,23.6,32.6,2021
Siddipet,Mirdoddi,18-Jun-21,0,24.4,32.5,2021
Siddipet,Mirdoddi,19-Jun-21,6.7,23.6,33.6,2021
Siddipet,Mirdoddi,20-Jun-21,1.4,23.8,32.6,2021
Siddipet,Mirdoddi,21-Jun-21,0,23.3,34.1,2021
Siddipet,Mirdoddi,22-Jun-21,0,26.2,34.2,2021
Siddipet,Mirdoddi,23-Jun-21,0.7,26.9,33.9,2021
Siddipet,Mirdoddi,24-Jun-21,5.2,25,32,2021
Siddipet,Mirdoddi,25-Jun-21,0,23.9,30.6,2021
Siddipet,Mirdoddi,26-Jun-21,0,25.3,32.2,2021
Siddipet,Mirdoddi,27-Jun-21,11.5,22.7,33.7,2021
Siddipet,Mirdoddi,28-Jun-21,63.2,22.6,32,2021
Siddipet,Mirdoddi,29-Jun-21,0.4,23.5,32.8,2021
Siddipet,Mirdoddi,30-Jun-21,0,25.1,35.8,2021
Siddipet,Mirdoddi,01-Jul-21,0,24.5,34.6,2021
Siddipet,Mirdoddi,02-Jul-21,57,22.1,31.4,2021
Siddipet,Mirdoddi,03-Jul-21,0,24.1,29.5,2021
Siddipet,Mirdoddi,04-Jul-21,0,23.8,32.5,2021
Siddipet,Mirdoddi,05-Jul-21,0,25.1,34.2,2021
Siddipet,Mirdoddi,06-Jul-21,0,23.9,33.6,2021
Siddipet,Mirdoddi,07-Jul-21,0,25.9,34.3,2021
Siddipet,Mirdoddi,08-Jul-21,13.3,22.2,36.1,2021
Siddipet,Mirdoddi,09-Jul-21,0.3,23.4,29.5,2021
Siddipet,Mirdoddi,10-Jul-21,30.7,23,31.8,2021
Siddipet,Mirdoddi,11-Jul-21,0,24.5,30.3,2021
Siddipet,Mirdoddi,12-Jul-21,20.7,23.7,26.9,2021
Siddipet,Mirdoddi,13-Jul-21,2.9,23.3,33.6,2021
Siddipet,Mirdoddi,14-Jul-21,0.5,23.8,30.1,2021
Siddipet,Mirdoddi,15-Jul-21,4,23.1,27.7,2021
Siddipet,Mirdoddi,16-Jul-21,29.4,23.7,32,2021
Siddipet,Mirdoddi,17-Jul-21,18.6,26.1,32.5,2021
Siddipet,Mirdoddi,18-Jul-21,0,26.3,33.6,2021
Siddipet,Mirdoddi,19-Jul-21,0,24.1,33.6,2021
Siddipet,Mirdoddi,20-Jul-21,0,23.8,33.6,2021
Siddipet,Mirdoddi,21-Jul-21,41.5,22.4,30,2021
Siddipet,Mirdoddi,22-Jul-21,66.8,23.4,26.9,2021
Siddipet,Mirdoddi,23-Jul-21,66.2,23.4,26.9,2021
Siddipet,Mirdoddi,24-Jul-21,5.1,24,30,2021
Siddipet,Mirdoddi,25-Jul-21,10.1,23.8,32.4,2021
Siddipet,Mirdoddi,26-Jul-21,0,23.8,32.7,2021
Siddipet,Mirdoddi,27-Jul-21,0,23.7,32.9,2021
Siddipet,Mirdoddi,28-Jul-21,0,23.2,32.1,2021
Siddipet,Mirdoddi,29-Jul-21,0,23.8,32.9,2021
Siddipet,Mirdoddi,30-Jul-21,0,23.2,30.5,2021
Siddipet,Mirdoddi,31-Jul-21,0,23.5,28,2021
Siddipet,Mirdoddi,01-Aug-21,0,23.5,30.7,2021
Siddipet,Mirdoddi,02-Aug-21,0,23.3,32,2021
Siddipet,Mirdoddi,03-Aug-21,0,23.1,32.6,2021
Siddipet,Mirdoddi,04-Aug-21,0,24,31.1,2021
Siddipet,Mirdoddi,05-Aug-21,0,23.3,32.5,2021
Siddipet,Mirdoddi,06-Aug-21,0,23.8,31.2,2021
Siddipet,Mirdoddi,07-Aug-21,0,24.3,31.1,2021
Siddipet,Mirdoddi,08-Aug-21,0,24.2,34,2021
Siddipet,Mirdoddi,09-Aug-21,0,24.4,32.6,2021
Siddipet,Mirdoddi,10-Aug-21,0,24.8,33.2,2021
Siddipet,Mirdoddi,11-Aug-21,0,25.1,33.6,2021
Siddipet,Mirdoddi,12-Aug-21,0,23.6,33.9,2021
Siddipet,Mirdoddi,13-Aug-21,1.4,23.7,33.9,2021
Siddipet,Mirdoddi,14-Aug-21,0,24.1,30.4,2021
Siddipet,Mirdoddi,15-Aug-21,0,23.2,32.2,2021
Siddipet,Mirdoddi,16-Aug-21,8.7,22.8,32.2,2021
Siddipet,Mirdoddi,17-Aug-21,9.9,22.6,26.2,2021
Siddipet,Mirdoddi,18-Aug-21,39.7,24,27.3,2021
Siddipet,Mirdoddi,19-Aug-21,2.4,23.5,27.7,2021
Siddipet,Mirdoddi,20-Aug-21,0.4,22.7,29.5,2021
Siddipet,Mirdoddi,21-Aug-21,2,23.6,29.6,2021
Siddipet,Mirdoddi,22-Aug-21,1.6,23.3,32.3,2021
Siddipet,Mirdoddi,23-Aug-21,4.5,23.5,32.6,2021
Siddipet,Mirdoddi,24-Aug-21,13.1,22.6,34.8,2021
Siddipet,Mirdoddi,25-Aug-21,1,22.7,33.6,2021
Siddipet,Mirdoddi,26-Aug-21,3.9,22.3,33,2021
Siddipet,Mirdoddi,27-Aug-21,10.9,22,31,2021
Siddipet,Mirdoddi,28-Aug-21,2.4,23.8,32.1,2021
Siddipet,Mirdoddi,29-Aug-21,0,23.7,32,2021
Siddipet,Mirdoddi,30-Aug-21,51.5,23.3,30,2021
Siddipet,Mirdoddi,31-Aug-21,82.6,23.4,27.2,2021
Siddipet,Mirdoddi,01-Sep-21,0,23.3,30.1,2021
Siddipet,Mirdoddi,02-Sep-21,0,23.5,31.3,2021
Siddipet,Mirdoddi,03-Sep-21,46.1,22.5,33.1,2021
Siddipet,Mirdoddi,04-Sep-21,0,22.6,32,2021
Siddipet,Mirdoddi,05-Sep-21,38.7,22.9,32.4,2021
Siddipet,Mirdoddi,06-Sep-21,1.2,23.9,30.6,2021
Siddipet,Mirdoddi,07-Sep-21,45.4,23.6,27.1,2021
Siddipet,Mirdoddi,08-Sep-21,3.5,23.8,29.5,2021
Siddipet,Mirdoddi,09-Sep-21,0,23.7,32,2021
Siddipet,Mirdoddi,10-Sep-21,0,24.1,32.3,2021
Siddipet,Mirdoddi,11-Sep-21,0,23.9,32.6,2021
Siddipet,Mirdoddi,12-Sep-21,0,24,32,2021
Siddipet,Mirdoddi,13-Sep-21,0,26.5,32.5,2021
Siddipet,Mirdoddi,14-Sep-21,9.1,24,32.5,2021
Siddipet,Mirdoddi,15-Sep-21,0,24,32,2021
Siddipet,Mirdoddi,16-Sep-21,0,24.1,33,2021
Siddipet,Mirdoddi,17-Sep-21,0,24.2,32.9,2021
Siddipet,Mirdoddi,18-Sep-21,0,24.1,33.6,2021
Siddipet,Mirdoddi,19-Sep-21,0,24,30.3,2021
Siddipet,Mirdoddi,20-Sep-21,0,23.7,32.9,2021
Siddipet,Mirdoddi,21-Sep-21,14.9,23.6,33.6,2021
Siddipet,Mirdoddi,22-Sep-21,11.1,24,29.5,2021
Siddipet,Mirdoddi,23-Sep-21,0,23.3,30.3,2021
Siddipet,Mirdoddi,24-Sep-21,4.6,23.6,30.5,2021
Siddipet,Mirdoddi,25-Sep-21,0,23.8,33.6,2021
Siddipet,Mirdoddi,26-Sep-21,9.8,23.7,32,2021
Siddipet,Mirdoddi,27-Sep-21,1.1,24,32,2021
Siddipet,Mirdoddi,28-Sep-21,59.7,23.1,27.8,2021
Siddipet,Mirdoddi,29-Sep-21,0,23.9,30.7,2021
Siddipet,Mirdoddi,30-Sep-21,0,23.6,32.6,2021
Siddipet,Mirdoddi,01-Oct-21,0,23.7,33.6,2021
Siddipet,Mirdoddi,02-Oct-21,26.1,23.9,32.9,2021
Siddipet,Mirdoddi,03-Oct-21,0,26.4,33.6,2021
Siddipet,Mirdoddi,04-Oct-21,0,24.1,33.6,2021
Siddipet,Mirdoddi,05-Oct-21,10.9,24,33.8,2021
Siddipet,Mirdoddi,06-Oct-21,0,24,32,2021
Siddipet,Mirdoddi,07-Oct-21,0,24,33.6,2021
Siddipet,Mirdoddi,08-Oct-21,0,23.8,32.7,2021
Siddipet,Mirdoddi,09-Oct-21,0.3,23.9,33.6,2021
Siddipet,Mirdoddi,10-Oct-21,0,23.9,33.6,2021
Siddipet,Mirdoddi,11-Oct-21,0,20.5,33.6,2021
Siddipet,Mirdoddi,12-Oct-21,0,20.5,33.6,2021
Siddipet,Mirdoddi,13-Oct-21,0,20.5,32.7,2021
Siddipet,Mirdoddi,14-Oct-21,0,20.3,31.7,2021
Siddipet,Mirdoddi,15-Oct-21,0,19.3,33.5,2021
Siddipet,Mirdoddi,16-Oct-21,0,23.4,32.8,2021
Siddipet,Mirdoddi,17-Oct-21,10,22.7,29.5,2021
Siddipet,Mirdoddi,18-Oct-21,0,24.1,32.2,2021
Siddipet,Mirdoddi,19-Oct-21,0,24.2,33.6,2021
Siddipet,Mirdoddi,20-Oct-21,0,21.1,32.6,2021
Siddipet,Mirdoddi,21-Oct-21,0,21.2,32.4,2021
Siddipet,Mirdoddi,22-Oct-21,0,20.7,32.7,2021
Siddipet,Mirdoddi,23-Oct-21,0,17.8,32.6,2021
Siddipet,Mirdoddi,24-Oct-21,0,18.9,33.4,2021
Siddipet,Mirdoddi,25-Oct-21,0,17.2,32.4,2021
Siddipet,Mirdoddi,26-Oct-21,0,16.7,30.2,2021
Siddipet,Mirdoddi,27-Oct-21,0,16.5,31.8,2021
Siddipet,Mirdoddi,28-Oct-21,0,16.9,31,2021
Siddipet,Mirdoddi,29-Oct-21,0,17.2,31.2,2021
Siddipet,Mirdoddi,30-Oct-21,0,19.3,31.6,2021
Siddipet,Mirdoddi,31-Oct-21,0,19.3,31,2021
Siddipet,Mirdoddi,01-Nov-21,0,18.1,31.6,2021
Siddipet,Mirdoddi,02-Nov-21,0,19,31.3,2021
Siddipet,Mirdoddi,03-Nov-21,0,21.4,30.2,2021
Siddipet,Mirdoddi,04-Nov-21,0,21.1,29.2,2021
Siddipet,Mirdoddi,05-Nov-21,0,21.2,32,2021
Siddipet,Mirdoddi,06-Nov-21,0,19.9,31.8,2021
Siddipet,Mirdoddi,07-Nov-21,0,16.5,32.9,2021
Siddipet,Mirdoddi,08-Nov-21,0,14.5,29.9,2021
Siddipet,Mirdoddi,09-Nov-21,0,13.6,30.2,2021
Siddipet,Mirdoddi,10-Nov-21,0,14.4,28.9,2021
Siddipet,Mirdoddi,11-Nov-21,0,15.7,29.8,2021
Siddipet,Mirdoddi,12-Nov-21,0,19.9,30,2021
Siddipet,Mirdoddi,13-Nov-21,0,22.8,30.1,2021
Siddipet,Mirdoddi,14-Nov-21,1.5,23.5,29.8,2021
Siddipet,Mirdoddi,15-Nov-21,0,23.4,32.7,2021
Siddipet,Mirdoddi,16-Nov-21,17.7,22.9,32.3,2021
Siddipet,Mirdoddi,17-Nov-21,0,23.2,31,2021
Siddipet,Mirdoddi,18-Nov-21,0,25,32.6,2021
Siddipet,Mirdoddi,19-Nov-21,0,24.4,32,2021
Siddipet,Mirdoddi,20-Nov-21,0,24.9,32,2021
Siddipet,Mirdoddi,21-Nov-21,5.1,24.9,30.5,2021
Siddipet,Mirdoddi,22-Nov-21,0,24.7,32,2021
Siddipet,Mirdoddi,23-Nov-21,0,24.3,33.6,2021
Siddipet,Mirdoddi,24-Nov-21,0,24.3,33.6,2021
Siddipet,Mirdoddi,25-Nov-21,0,21.8,33.6,2021
Siddipet,Mirdoddi,26-Nov-21,0,19.2,32.1,2021
Siddipet,Mirdoddi,27-Nov-21,0,19.2,32.4,2021
Siddipet,Mirdoddi,28-Nov-21,0,17.8,32,2021
Siddipet,Mirdoddi,29-Nov-21,0,21.8,32,2021
Siddipet,Mirdoddi,30-Nov-21,0,22,29.5,2021
Siddipet,Mirdoddi,01-Dec-21,0,19.2,32,2021
Siddipet,Mirdoddi,02-Dec-21,0,21.8,32,2021
Siddipet,Mirdoddi,03-Dec-21,0,20.3,32,2021
Siddipet,Mirdoddi,04-Dec-21,0,19.2,32,2021
Siddipet,Mirdoddi,05-Dec-21,0,19.2,32,2021
Siddipet,Mirdoddi,06-Dec-21,0,19.2,32,2021
Siddipet,Mirdoddi,07-Dec-21,0,19.2,32,2021
Siddipet,Mirdoddi,08-Dec-21,0,19.2,32,2021
Siddipet,Mirdoddi,09-Dec-21,0,19.3,32,2021
Siddipet,Mirdoddi,10-Dec-21,0,21.9,32,2021
Siddipet,Mirdoddi,11-Dec-21,0,20,30.5,2021
Siddipet,Mirdoddi,12-Dec-21,0,19.2,32,2021
Siddipet,Mirdoddi,13-Dec-21,0,19.2,30.6,2021
Siddipet,Mirdoddi,14-Dec-21,0,19.2,32,2021
Siddipet,Mirdoddi,15-Dec-21,0,17.7,29.6,2021
Siddipet,Mirdoddi,16-Dec-21,0,14.2,29.5,2021
Siddipet,Mirdoddi,17-Dec-21,0,14.6,29.5,2021
Siddipet,Mirdoddi,18-Dec-21,0,14.1,29.5,2021
Siddipet,Mirdoddi,19-Dec-21,0,14.2,29.5,2021
Siddipet,Mirdoddi,20-Dec-21,0,14.9,29.5,2021
Siddipet,Mirdoddi,21-Dec-21,0,12.2,27.8,2021
Siddipet,Mirdoddi,22-Dec-21,0,12.8,29.5,2021
Siddipet,Mirdoddi,23-Dec-21,0,14.3,30.5,2021
Siddipet,Mirdoddi,24-Dec-21,0,16.7,32.9,2021
Siddipet,Mirdoddi,25-Dec-21,0,19.2,33,2021
Siddipet,Mirdoddi,26-Dec-21,0,19.2,32.1,2021
Siddipet,Mirdoddi,27-Dec-21,0,21.8,32,2021
Siddipet,Mirdoddi,28-Dec-21,0,19.2,32,2021
Siddipet,Mirdoddi,29-Dec-21,0,19.4,32,2021
Siddipet,Mirdoddi,30-Dec-21,0,21.8,30.6,2021
Siddipet,Mirdoddi,31-Dec-21,0,20.2,30.4,2021
Siddipet,Mirdoddi,01-Jan-22,0,19.2,32,2022
Siddipet,Mirdoddi,02-Jan-22,0,19.2,30.3,2022
Siddipet,Mirdoddi,03-Jan-22,0,16.7,32,2022
Siddipet,Mirdoddi,04-Jan-22,0,17.1,30.1,2022
Siddipet,Mirdoddi,05-Jan-22,0,17.9,29.8,2022
Siddipet,Mirdoddi,06-Jan-22,0,17.5,32,2022
Siddipet,Mirdoddi,07-Jan-22,0,19.2,30.3,2022
Siddipet,Mirdoddi,08-Jan-22,0,21.8,29.5,2022
Siddipet,Mirdoddi,09-Jan-22,0,21.8,30.1,2022
Siddipet,Mirdoddi,10-Jan-22,0,21.9,30.4,2022
Siddipet,Mirdoddi,11-Jan-22,20.5,21.8,30.7,2022
Siddipet,Mirdoddi,12-Jan-22,0,21.8,30.3,2022
Siddipet,Mirdoddi,13-Jan-22,0,21.6,25.6,2022
Siddipet,Mirdoddi,14-Jan-22,0,22.1,29.5,2022
Siddipet,Mirdoddi,15-Jan-22,0,21.8,30.5,2022
Siddipet,Mirdoddi,16-Jan-22,0,21.8,29.5,2022
Siddipet,Mirdoddi,17-Jan-22,0,19.5,25.5,2022
Siddipet,Mirdoddi,18-Jan-22,0,19.2,29.5,2022
Siddipet,Mirdoddi,19-Jan-22,0,19.2,30.1,2022
Siddipet,Mirdoddi,20-Jan-22,0,19.2,30.2,2022
Siddipet,Mirdoddi,21-Jan-22,0,19.5,32,2022
Siddipet,Mirdoddi,22-Jan-22,0,17.9,32,2022
Siddipet,Mirdoddi,23-Jan-22,0,19.2,33.6,2022
Siddipet,Mirdoddi,24-Jan-22,0,17.6,32,2022
Siddipet,Mirdoddi,25-Jan-22,0,17,27.8,2022
Siddipet,Mirdoddi,26-Jan-22,0,16.9,29.5,2022
Siddipet,Mirdoddi,27-Jan-22,0,19.2,29.5,2022
Siddipet,Mirdoddi,28-Jan-22,0,14.4,27.8,2022
Siddipet,Mirdoddi,29-Jan-22,0,12.8,27.5,2022
Siddipet,Mirdoddi,30-Jan-22,0,14.1,29.5,2022
Siddipet,Mirdoddi,31-Jan-22,0,16.7,32,2022
Siddipet,Mirdoddi,01-Feb-22,0,8.7,36.8,2022
Siddipet,Mirdoddi,02-Feb-22,0,8.6,36.5,2022
Siddipet,Mirdoddi,03-Feb-22,0,11.1,36.6,2022
Siddipet,Mirdoddi,04-Feb-22,0,11.3,36.1,2022
Siddipet,Mirdoddi,05-Feb-22,0,6,34.5,2022
Siddipet,Mirdoddi,06-Feb-22,0,6.7,35.8,2022
Siddipet,Mirdoddi,07-Feb-22,0,9.7,36.9,2022
Siddipet,Mirdoddi,08-Feb-22,0,12.7,36.3,2022
Siddipet,Mirdoddi,09-Feb-22,0,15.4,36.5,2022
Siddipet,Mirdoddi,10-Feb-22,0,14.2,34.6,2022
Siddipet,Mirdoddi,11-Feb-22,0,11.7,34.7,2022
Siddipet,Mirdoddi,12-Feb-22,0,8,36.5,2022
Siddipet,Mirdoddi,13-Feb-22,0,7.3,36.2,2022
Siddipet,Mirdoddi,14-Feb-22,0,8.8,36.4,2022
Siddipet,Mirdoddi,15-Feb-22,0,11.7,36.3,2022
Siddipet,Mirdoddi,16-Feb-22,0,14.3,35.1,2022
Siddipet,Mirdoddi,17-Feb-22,0,13.5,36.4,2022
Siddipet,Mirdoddi,18-Feb-22,0,15.5,36.1,2022
Siddipet,Mirdoddi,19-Feb-22,0,12.5,36.5,2022
Siddipet,Mirdoddi,20-Feb-22,0,13.6,37.2,2022
Siddipet,Mirdoddi,21-Feb-22,0,10,37.2,2022
Siddipet,Mirdoddi,22-Feb-22,0,10.2,39.2,2022
Siddipet,Mirdoddi,23-Feb-22,0,11.5,38.7,2022
Siddipet,Mirdoddi,24-Feb-22,0,13.2,37.4,2022
Siddipet,Mirdoddi,25-Feb-22,0,12.2,38.2,2022
Siddipet,Mirdoddi,26-Feb-22,0,11.4,38.3,2022
Siddipet,Mirdoddi,27-Feb-22,0,11.9,38,2022
Siddipet,Mirdoddi,28-Feb-22,0,12.3,38.7,2022
Siddipet,Mirdoddi,01-Mar-22,0,17.3,32.9,2022
Siddipet,Mirdoddi,02-Mar-22,0,16.7,33.7,2022
Siddipet,Mirdoddi,03-Mar-22,0,17,33.1,2022
Siddipet,Mirdoddi,04-Mar-22,0,18.9,33.8,2022
Siddipet,Mirdoddi,05-Mar-22,0,19.1,33.5,2022
Siddipet,Mirdoddi,06-Mar-22,0,19.7,32.3,2022
Siddipet,Mirdoddi,07-Mar-22,0,19,32.6,2022
Siddipet,Mirdoddi,08-Mar-22,0,18.6,32.5,2022
Siddipet,Mirdoddi,09-Mar-22,0,17.3,32.9,2022
Siddipet,Mirdoddi,10-Mar-22,0,18.3,33.8,2022
Siddipet,Mirdoddi,11-Mar-22,0,20,33.1,2022
Siddipet,Mirdoddi,12-Mar-22,0.7,20,33.5,2022
Siddipet,Mirdoddi,13-Mar-22,0,19.4,32.8,2022
Siddipet,Mirdoddi,14-Mar-22,0,17.5,33.2,2022
Siddipet,Mirdoddi,15-Mar-22,0,16.3,34,2022
Siddipet,Mirdoddi,16-Mar-22,0,19,35.2,2022
Siddipet,Mirdoddi,17-Mar-22,0,18.6,36.5,2022
Siddipet,Mirdoddi,18-Mar-22,0,20.1,37.5,2022
Siddipet,Mirdoddi,19-Mar-22,0,21.4,38.2,2022
Siddipet,Mirdoddi,20-Mar-22,0,23.7,34.7,2022
Siddipet,Mirdoddi,21-Mar-22,0,22.2,36.6,2022
Siddipet,Mirdoddi,22-Mar-22,0,23.3,35.6,2022
Siddipet,Mirdoddi,23-Mar-22,0,21.7,36.3,2022
Siddipet,Mirdoddi,24-Mar-22,0,22.8,37.4,2022
Siddipet,Mirdoddi,25-Mar-22,0,23.4,35.8,2022
Siddipet,Mirdoddi,26-Mar-22,0,22.7,35.3,2022
Siddipet,Mirdoddi,27-Mar-22,0,23.2,37.8,2022
Siddipet,Mirdoddi,28-Mar-22,0,23,37.5,2022
Siddipet,Mirdoddi,29-Mar-22,0,21.9,39.2,2022
Siddipet,Mirdoddi,30-Mar-22,0,21.5,39.1,2022
Siddipet,Mirdoddi,31-Mar-22,0,21.2,40,2022
Siddipet,Mirdoddi,01-Apr-22,0,21.8,40.2,2022
Siddipet,Mirdoddi,02-Apr-22,0,23.9,37.5,2022
Siddipet,Mirdoddi,03-Apr-22,0,22.9,36.3,2022
Siddipet,Mirdoddi,04-Apr-22,0,23.5,37,2022
Siddipet,Mirdoddi,05-Apr-22,0,23.1,37.8,2022
Siddipet,Mirdoddi,06-Apr-22,0,23.4,37,2022
Siddipet,Mirdoddi,07-Apr-22,0,23.7,38.4,2022
Siddipet,Mirdoddi,08-Apr-22,0,21.8,38.8,2022
Siddipet,Mirdoddi,09-Apr-22,0,23.3,36.1,2022
Siddipet,Mirdoddi,10-Apr-22,0,23.1,36.4,2022
Siddipet,Mirdoddi,11-Apr-22,0,23.5,38.1,2022
Siddipet,Mirdoddi,12-Apr-22,0,23.5,37.5,2022
Siddipet,Mirdoddi,13-Apr-22,0,23,39.1,2022
Siddipet,Mirdoddi,14-Apr-22,0,23,36.6,2022
Siddipet,Mirdoddi,15-Apr-22,0,25.8,39.1,2022
Siddipet,Mirdoddi,16-Apr-22,0,25.7,38.1,2022
Siddipet,Mirdoddi,17-Apr-22,0,24.9,36.8,2022
Siddipet,Mirdoddi,18-Apr-22,0,25.2,39.9,2022
Siddipet,Mirdoddi,19-Apr-22,0,23.8,39.4,2022
Siddipet,Mirdoddi,20-Apr-22,0,24.6,39.2,2022
Siddipet,Mirdoddi,21-Apr-22,0,24.9,39,2022
Siddipet,Mirdoddi,22-Apr-22,0,25.2,40.6,2022
Siddipet,Mirdoddi,23-Apr-22,0,25.4,38.2,2022
Siddipet,Mirdoddi,24-Apr-22,0,25.9,37.9,2022
Siddipet,Mirdoddi,25-Apr-22,0,22.9,37.2,2022
Siddipet,Mirdoddi,26-Apr-22,0,24.6,39.1,2022
Siddipet,Mirdoddi,27-Apr-22,0,24.9,41.2,2022
Siddipet,Mirdoddi,28-Apr-22,0,26.5,41.5,2022
Siddipet,Mirdoddi,29-Apr-22,1.3,23,41.3,2022
Siddipet,Mirdoddi,30-Apr-22,0,24.6,39.6,2022
Siddipet,Mirdoddi,01-May-22,0,22.7,41.6,2022
Siddipet,Mirdoddi,02-May-22,0,25.1,40.6,2022
Siddipet,Mirdoddi,03-May-22,0,26.3,39.6,2022
Siddipet,Mirdoddi,04-May-22,48.9,21.6,39.4,2022
Siddipet,Mirdoddi,05-May-22,0,23.2,35.1,2022
Siddipet,Mirdoddi,06-May-22,0,24.6,37.8,2022
Siddipet,Mirdoddi,07-May-22,0,24.3,40.4,2022
Siddipet,Mirdoddi,08-May-22,0,26,42.1,2022
Siddipet,Mirdoddi,09-May-22,0,24.6,38.3,2022
Siddipet,Mirdoddi,10-May-22,0,23.7,38.6,2022
Siddipet,Mirdoddi,11-May-22,0,27,38.1,2022
Siddipet,Mirdoddi,12-May-22,0,26.2,32.7,2022
Siddipet,Mirdoddi,13-May-22,0,25.2,35.3,2022
Siddipet,Mirdoddi,14-May-22,0,26.8,38.3,2022
Siddipet,Mirdoddi,15-May-22,5.4,24,41.1,2022
Siddipet,Mirdoddi,16-May-22,0,24,38.9,2022
Siddipet,Mirdoddi,17-May-22,0,25.8,37.5,2022
Siddipet,Mirdoddi,18-May-22,0,25.2,36.2,2022
Siddipet,Mirdoddi,19-May-22,0,25.2,37.1,2022
Siddipet,Mirdoddi,20-May-22,0,24.6,35,2022
Siddipet,Mirdoddi,21-May-22,0,25.1,35.9,2022
Siddipet,Mirdoddi,22-May-22,0,25.4,35.3,2022
Siddipet,Mirdoddi,23-May-22,0,26.5,37.4,2022
Siddipet,Mirdoddi,24-May-22,0,27.3,37.3,2022
Siddipet,Mirdoddi,25-May-22,0,27.4,38.3,2022
Siddipet,Mirdoddi,26-May-22,4.5,25,38.8,2022
Siddipet,Mirdoddi,27-May-22,0.1,25.9,37.9,2022
Siddipet,Mirdoddi,28-May-22,0,25.7,36.1,2022
Siddipet,Mirdoddi,29-May-22,0,26.9,38.9,2022
Siddipet,Mirdoddi,30-May-22,0,27.9,38.1,2022
Siddipet,Mirdoddi,31-May-22,0,28,40.1,2022
Siddipet,Mirdoddi,01-Jun-22,0,26.1,37.2,2022
Siddipet,Mirdoddi,02-Jun-22,0,26.3,37.4,2022
Siddipet,Mirdoddi,03-Jun-22,0,26.2,39.4,2022
Siddipet,Mirdoddi,04-Jun-22,0,29.8,38.6,2022
Siddipet,Mirdoddi,05-Jun-22,0,26.5,38.7,2022
Siddipet,Mirdoddi,06-Jun-22,0,28.3,40,2022
Siddipet,Mirdoddi,07-Jun-22,0,27.2,36.4,2022
Siddipet,Mirdoddi,08-Jun-22,0,28.9,40,2022
Siddipet,Mirdoddi,09-Jun-22,0,26.1,35.6,2022
Siddipet,Mirdoddi,10-Jun-22,0,27.8,38.1,2022
Siddipet,Mirdoddi,11-Jun-22,0,26.5,37.5,2022
Siddipet,Mirdoddi,12-Jun-22,0,24.7,36.6,2022
Siddipet,Mirdoddi,13-Jun-22,4.9,23.2,35.7,2022
Siddipet,Mirdoddi,14-Jun-22,0,24.4,34,2022
Siddipet,Mirdoddi,15-Jun-22,0,25.7,34.4,2022
Siddipet,Mirdoddi,16-Jun-22,21.1,23.2,33.9,2022
Siddipet,Mirdoddi,17-Jun-22,31.5,22.5,32.6,2022
Siddipet,Mirdoddi,18-Jun-22,0.3,24.9,32.4,2022
Siddipet,Mirdoddi,19-Jun-22,32.1,23,31.5,2022
Siddipet,Mirdoddi,20-Jun-22,0,24.4,32.4,2022
Siddipet,Mirdoddi,21-Jun-22,14,23.1,35.6,2022
Siddipet,Mirdoddi,22-Jun-22,12.3,22.9,29.4,2022
Siddipet,Mirdoddi,23-Jun-22,0,24,29.9,2022
Siddipet,Mirdoddi,24-Jun-22,0,24.6,33.2,2022
Siddipet,Mirdoddi,25-Jun-22,0,24.2,30.9,2022
Siddipet,Mirdoddi,26-Jun-22,35.2,23,32.1,2022
Siddipet,Mirdoddi,27-Jun-22,17.1,23.5,31.2,2022
Siddipet,Mirdoddi,28-Jun-22,0,23.6,29.9,2022
Siddipet,Mirdoddi,29-Jun-22,0,24.1,29.8,2022
Siddipet,Mirdoddi,30-Jun-22,0,24,32.1,2022
Siddipet,Mirdoddi,01-Jul-22,0,24.1,32,2022
Siddipet,Mirdoddi,02-Jul-22,7.1,22.8,32.5,2022
Siddipet,Mirdoddi,03-Jul-22,19.2,23.3,30.8,2022
Siddipet,Mirdoddi,04-Jul-22,21,22.5,30.9,2022
Siddipet,Mirdoddi,05-Jul-22,1.7,23.3,28.9,2022
Siddipet,Mirdoddi,06-Jul-22,0,23.1,31.7,2022
Siddipet,Mirdoddi,07-Jul-22,0,24.2,28.7,2022
Siddipet,Mirdoddi,08-Jul-22,7.1,23.3,29.9,2022
Siddipet,Mirdoddi,09-Jul-22,64,21.7,24.8,2022
Siddipet,Mirdoddi,10-Jul-22,60.9,21.5,23,2022
Siddipet,Mirdoddi,11-Jul-22,21.4,22.4,23.4,2022
Siddipet,Mirdoddi,12-Jul-22,16.4,21.9,25.1,2022
Siddipet,Mirdoddi,13-Jul-22,29.4,21.4,22.9,2022
Siddipet,Mirdoddi,14-Jul-22,39.7,21.5,22.6,2022
Siddipet,Mirdoddi,15-Jul-22,0,23.4,25.3,2022
Siddipet,Mirdoddi,16-Jul-22,0,23.3,29.4,2022
Siddipet,Mirdoddi,17-Jul-22,0.4,22.9,31,2022
Siddipet,Mirdoddi,18-Jul-22,35.7,22.1,26.9,2022
Siddipet,Mirdoddi,19-Jul-22,7.8,22.7,29.5,2022
Siddipet,Mirdoddi,20-Jul-22,9.4,22.3,31.1,2022
Siddipet,Mirdoddi,21-Jul-22,58.7,22.4,32.4,2022
Siddipet,Mirdoddi,22-Jul-22,7.6,21.4,30.6,2022
Siddipet,Mirdoddi,23-Jul-22,50,21.8,30.1,2022
Siddipet,Mirdoddi,24-Jul-22,0.7,22.2,26.2,2022
Siddipet,Mirdoddi,25-Jul-22,0,22.7,29,2022
Siddipet,Mirdoddi,26-Jul-22,4.2,22,30.5,2022
Siddipet,Mirdoddi,27-Jul-22,0,22.4,27,2022
Siddipet,Mirdoddi,28-Jul-22,0,23.6,32.2,2022
Siddipet,Mirdoddi,29-Jul-22,2.7,23.7,33.6,2022
Siddipet,Mirdoddi,30-Jul-22,13.2,22.6,34.8,2022
Siddipet,Mirdoddi,31-Jul-22,0,22.9,32.4,2022
Siddipet,Mirdoddi,01-Aug-22,0,23.7,33.6,2022
Siddipet,Mirdoddi,02-Aug-22,0.2,23.2,30.2,2022
Siddipet,Mirdoddi,03-Aug-22,12,21.5,32.4,2022
Siddipet,Mirdoddi,04-Aug-22,2.8,23.8,32.1,2022
Siddipet,Mirdoddi,05-Aug-22,1,23.1,29.5,2022
Siddipet,Mirdoddi,06-Aug-22,30,23.4,31.6,2022
Siddipet,Mirdoddi,07-Aug-22,7.4,22.1,30.1,2022
Siddipet,Mirdoddi,08-Aug-22,9,21.6,28.1,2022
Siddipet,Mirdoddi,09-Aug-22,0.2,22.4,25.4,2022
Siddipet,Mirdoddi,10-Aug-22,7.4,22.2,25.8,2022
Siddipet,Mirdoddi,11-Aug-22,0,22.9,29.3,2022
Siddipet,Mirdoddi,12-Aug-22,0,23.2,29.1,2022
Siddipet,Mirdoddi,13-Aug-22,0,22.3,31.3,2022
Siddipet,Mirdoddi,14-Aug-22,3,21.7,29,2022
Siddipet,Mirdoddi,15-Aug-22,11,21.6,26.1,2022
Siddipet,Mirdoddi,16-Aug-22,2,22.4,25.9,2022
Siddipet,Mirdoddi,17-Aug-22,0,23,32.1,2022
Siddipet,Mirdoddi,18-Aug-22,0,22.5,32.3,2022
Siddipet,Mirdoddi,19-Aug-22,0,24.2,32.3,2022
Siddipet,Mirdoddi,20-Aug-22,0,23.9,29.9,2022
Siddipet,Mirdoddi,21-Aug-22,0,24.2,29.9,2022
Siddipet,Mirdoddi,22-Aug-22,0,23.4,30.5,2022
Siddipet,Mirdoddi,23-Aug-22,0,22.5,29.1,2022
Siddipet,Mirdoddi,24-Aug-22,0,23.6,31.4,2022
Siddipet,Mirdoddi,25-Aug-22,28.5,22.2,32.7,2022
Siddipet,Mirdoddi,26-Aug-22,0,23.6,30.5,2022
Siddipet,Mirdoddi,27-Aug-22,0,23.1,31,2022
Siddipet,Mirdoddi,28-Aug-22,0,23.5,30.6,2022
Siddipet,Mirdoddi,29-Aug-22,0,23.5,31.1,2022
Siddipet,Mirdoddi,30-Aug-22,30.2,22.6,29.9,2022
Siddipet,Mirdoddi,31-Aug-22,0,23.7,32.6,2022
Siddipet,Mirdoddi,01-Sep-22,2.8,23.7,32.5,2022
Siddipet,Mirdoddi,02-Sep-22,0,23.3,32.6,2022
Siddipet,Mirdoddi,03-Sep-22,0,23.6,32.9,2022
Siddipet,Mirdoddi,04-Sep-22,0,23.5,33.8,2022
Siddipet,Mirdoddi,05-Sep-22,0,23.5,29.2,2022
Siddipet,Mirdoddi,06-Sep-22,0,22.5,30.4,2022
Siddipet,Mirdoddi,07-Sep-22,2,22.6,32.3,2022
Siddipet,Mirdoddi,08-Sep-22,3.6,22.1,32.6,2022
Siddipet,Mirdoddi,09-Sep-22,0,23,30.5,2022
Siddipet,Mirdoddi,10-Sep-22,30.5,23,29.3,2022
Siddipet,Mirdoddi,11-Sep-22,65.9,22.4,26.2,2022
Siddipet,Mirdoddi,12-Sep-22,22.6,22.4,23.8,2022
Siddipet,Mirdoddi,13-Sep-22,8.4,22.7,28.3,2022
Siddipet,Mirdoddi,14-Sep-22,0,22.4,29.4,2022
Siddipet,Mirdoddi,15-Sep-22,0,22.1,29.2,2022
Siddipet,Mirdoddi,16-Sep-22,0,22.5,29.3,2022
Siddipet,Mirdoddi,17-Sep-22,0,22.3,29.8,2022
Siddipet,Mirdoddi,18-Sep-22,4.6,22.5,30.2,2022
Siddipet,Mirdoddi,19-Sep-22,0,23.6,30.6,2022
Siddipet,Mirdoddi,20-Sep-22,64.5,21.5,29.9,2022
Siddipet,Mirdoddi,21-Sep-22,0,22.6,27.1,2022
Siddipet,Mirdoddi,22-Sep-22,1.5,23.2,28.4,2022
Siddipet,Mirdoddi,23-Sep-22,0.9,22.7,29,2022
Siddipet,Mirdoddi,24-Sep-22,0,21.7,29.1,2022
Siddipet,Mirdoddi,25-Sep-22,0,21.4,30.5,2022
Siddipet,Mirdoddi,26-Sep-22,0,22.4,30.7,2022
Siddipet,Mirdoddi,27-Sep-22,0.6,22.7,31.6,2022
Siddipet,Mirdoddi,28-Sep-22,0,22.6,31.1,2022
Siddipet,Mirdoddi,29-Sep-22,0,23.3,30.6,2022
Siddipet,Mirdoddi,30-Sep-22,16.6,22.2,29.4,2022
Siddipet,Mirdoddi,01-Oct-22,0,22.1,29.7,2022
Siddipet,Mirdoddi,02-Oct-22,0,22.2,30.5,2022
Siddipet,Mirdoddi,03-Oct-22,0,21.8,30.5,2022
Siddipet,Mirdoddi,04-Oct-22,0,21.4,30.2,2022
Siddipet,Mirdoddi,05-Oct-22,0,22.3,28.9,2022
Siddipet,Mirdoddi,06-Oct-22,21.1,21.8,30.8,2022
Siddipet,Mirdoddi,07-Oct-22,3.9,22.2,29,2022
Siddipet,Mirdoddi,08-Oct-22,0,22.7,29.6,2022
Siddipet,Mirdoddi,09-Oct-22,0,22.1,31.5,2022
Siddipet,Mirdoddi,10-Oct-22,0,22.7,31.4,2022
Siddipet,Mirdoddi,11-Oct-22,5.9,22.8,26.6,2022
Siddipet,Mirdoddi,12-Oct-22,0,22.3,31.2,2022
Siddipet,Mirdoddi,13-Oct-22,1.1,21.5,32.4,2022
Siddipet,Mirdoddi,14-Oct-22,0,22.2,30.6,2022
Siddipet,Mirdoddi,15-Oct-22,32,21.3,31,2022
Siddipet,Mirdoddi,16-Oct-22,19,22.5,27.2,2022
Siddipet,Mirdoddi,17-Oct-22,9,22.4,30.6,2022
Siddipet,Mirdoddi,18-Oct-22,0.8,21.9,31.7,2022
Siddipet,Mirdoddi,19-Oct-22,8.1,21.8,30.9,2022
Siddipet,Mirdoddi,20-Oct-22,0,20.5,30.6,2022
Siddipet,Mirdoddi,21-Oct-22,0,21.8,31.7,2022
Siddipet,Mirdoddi,22-Oct-22,0,18,29.6,2022
Siddipet,Mirdoddi,23-Oct-22,0,16.1,28.3,2022
Siddipet,Mirdoddi,24-Oct-22,0,14.2,28.2,2022
Siddipet,Mirdoddi,25-Oct-22,0,14.8,28.5,2022
Siddipet,Mirdoddi,26-Oct-22,0,14.8,29,2022
Siddipet,Mirdoddi,27-Oct-22,0,15.9,30.5,2022
Siddipet,Mirdoddi,28-Oct-22,0,14.7,30.8,2022
Siddipet,Mirdoddi,29-Oct-22,0,14.5,29.4,2022
Siddipet,Mirdoddi,30-Oct-22,0,13.5,29.1,2022
Siddipet,Mirdoddi,31-Oct-22,0,14.2,29,2022
Siddipet,Mirdoddi,01-Nov-22,0,15.8,27.6,2022
Siddipet,Mirdoddi,08-Nov-22,0,15.1,31.1,2022
Siddipet,Mirdoddi,11-Nov-22,0,14.2,29.8,2022
Siddipet,Mirdoddi,13-Nov-22,0,14.4,29.4,2022
Siddipet,Mirdoddi,17-Nov-22,0,11.3,29.1,2022
Siddipet,Mirdoddi,01-Dec-22,0,13.7,29.3,2022
Siddipet,Mirdoddi,02-Dec-22,0,16.3,30.1,2022
Siddipet,Mirdoddi,03-Dec-22,0,17.9,31.4,2022
Siddipet,Mirdoddi,04-Dec-22,0,18.1,31.1,2022
Siddipet,Mirdoddi,05-Dec-22,0,13.1,30.9,2022
Siddipet,Mirdoddi,06-Dec-22,0,12.5,30.2,2022
Siddipet,Mirdoddi,07-Dec-22,0,13.4,29.9,2022
Siddipet,Mirdoddi,08-Dec-22,0,12,27.5,2022
Siddipet,Mirdoddi,09-Dec-22,0,9.4,25.8,2022
Siddipet,Mirdoddi,10-Dec-22,0,18.1,27.4,2022
Siddipet,Mirdoddi,11-Dec-22,0,18.9,26.6,2022
Siddipet,Mirdoddi,12-Dec-22,0,19.1,25.7,2022
Siddipet,Mirdoddi,13-Dec-22,0,20.5,28.8,2022
Siddipet,Mirdoddi,14-Dec-22,0,19.5,30.1,2022
Siddipet,Mirdoddi,15-Dec-22,0,19.1,32.2,2022
Siddipet,Mirdoddi,16-Dec-22,0,18.6,31.2,2022
Siddipet,Mirdoddi,17-Dec-22,0,18.4,31.5,2022
Siddipet,Mirdoddi,18-Dec-22,0,16,30.3,2022
Siddipet,Mirdoddi,19-Dec-22,0,11.5,29.4,2022
Siddipet,Mirdoddi,20-Dec-22,0,13,29.3,2022
Siddipet,Mirdoddi,21-Dec-22,0,13.3,29.6,2022
Siddipet,Mirdoddi,22-Dec-22,0,14.3,32.4,2022
Siddipet,Mirdoddi,23-Dec-22,0,13.2,30.1,2022
Siddipet,Mirdoddi,24-Dec-22,0,13.4,30.3,2022
Siddipet,Mirdoddi,25-Dec-22,0,13.9,31.3,2022
Siddipet,Mirdoddi,26-Dec-22,0,18.3,30.5,2022
Siddipet,Mirdoddi,27-Dec-22,0,19.2,28,2022
Siddipet,Mirdoddi,28-Dec-22,0,19.7,31.3,2022
Siddipet,Mirdoddi,29-Dec-22,0,18.4,32.3,2022
Siddipet,Mirdoddi,30-Dec-22,0,18.4,32.1,2022
Siddipet,Mirdoddi,31-Dec-22,0,18,31.3,2022
Siddipet,Mirdoddi,01-Jan-23,0,17.4,32.3,2023
Siddipet,Mirdoddi,02-Jan-23,0,18,30,2023
Siddipet,Mirdoddi,03-Jan-23,0,18,29,2023
Siddipet,Mirdoddi,04-Jan-23,0,18,29,2023
Siddipet,Mirdoddi,05-Jan-23,0,18,27,2023
Siddipet,Mirdoddi,06-Jan-23,0,19,26,2023
Siddipet,Mirdoddi,07-Jan-23,0,14,29,2023
Siddipet,Mirdoddi,08-Jan-23,0,11,28,2023
Siddipet,Mirdoddi,09-Jan-23,0,11,30,2023
Siddipet,Mirdoddi,10-Jan-23,0,14,31,2023
Siddipet,Mirdoddi,11-Jan-23,0,15,30,2023
Siddipet,Mirdoddi,12-Jan-23,0,16,30,2023
Siddipet,Mirdoddi,13-Jan-23,0,14.6,31.8,2023
Siddipet,Mirdoddi,14-Jan-23,0,15.6,30.6,2023
Siddipet,Mirdoddi,15-Jan-23,0,15.6,31.1,2023
Siddipet,Mirdoddi,16-Jan-23,0,16.7,30.6,2023
Siddipet,Mirdoddi,17-Jan-23,0,14.6,31.8,2023
Siddipet,Mirdoddi,18-Jan-23,0,16.4,31.2,2023
Siddipet,Mirdoddi,19-Jan-23,0,15,30.6,2023
Siddipet,Mirdoddi,20-Jan-23,0,15,30.4,2023
Siddipet,Mirdoddi,21-Jan-23,0,16.3,29.7,2023
Siddipet,Mirdoddi,22-Jan-23,0,14.7,29.9,2023
Siddipet,Mirdoddi,23-Jan-23,0,15.5,29.7,2023
Siddipet,Mirdoddi,24-Jan-23,0,17.8,29,2023
Siddipet,Mirdoddi,25-Jan-23,0,18,30.6,2023
Siddipet,Mirdoddi,26-Jan-23,0,14.6,29.7,2023
Siddipet,Mirdoddi,27-Jan-23,0,14,30.5,2023
Siddipet,Mirdoddi,28-Jan-23,0,14.4,31.5,2023
Siddipet,Mirdoddi,29-Jan-23,0,14.8,31.7,2023
Siddipet,Mirdoddi,30-Jan-23,0,16.4,31.2,2023
Siddipet,Mirdoddi,31-Jan-23,0,17.4,29.8,2023
Siddipet,Mirdoddi,01-Feb-23,0,16.9,29.7,2023
Siddipet,Mirdoddi,02-Feb-23,0,14.4,28.5,2023
Siddipet,Mirdoddi,03-Feb-23,0,11.7,28.4,2023
Siddipet,Mirdoddi,04-Feb-23,0,13.8,28.4,2023
Siddipet,Mirdoddi,05-Feb-23,0,13.4,30.1,2023
Siddipet,Mirdoddi,06-Feb-23,0,13.4,32,2023
Siddipet,Mirdoddi,07-Feb-23,0,15.9,31.8,2023
Siddipet,Mirdoddi,08-Feb-23,0,17.5,32.5,2023
Siddipet,Mirdoddi,09-Feb-23,0,15.5,32.6,2023
Siddipet,Mirdoddi,10-Feb-23,0,13.9,31.8,2023
Siddipet,Mirdoddi,11-Feb-23,0,14.3,32.6,2023
Siddipet,Mirdoddi,12-Feb-23,0,15.1,33.2,2023
Siddipet,Mirdoddi,13-Feb-23,0,13.1,32,2023
Siddipet,Mirdoddi,14-Feb-23,0,11.4,30.1,2023
Siddipet,Mirdoddi,15-Feb-23,0,12.1,31,2023
Siddipet,Mirdoddi,16-Feb-23,0,13.3,31.8,2023
Siddipet,Mirdoddi,17-Feb-23,0,14.5,32.5,2023
Siddipet,Mirdoddi,18-Feb-23,0,15.3,31.8,2023
Siddipet,Mirdoddi,19-Feb-23,0,16.5,32.7,2023
Siddipet,Mirdoddi,20-Feb-23,0,16.6,32.7,2023
Siddipet,Mirdoddi,21-Feb-23,0,16.1,32.9,2023
Siddipet,Mirdoddi,22-Feb-23,0,15.1,34,2023
Siddipet,Mirdoddi,23-Feb-23,0,16.2,33.7,2023
Siddipet,Mirdoddi,24-Feb-23,0,16.7,34.1,2023
Siddipet,Mirdoddi,25-Feb-23,0,14.9,32.9,2023
Siddipet,Mirdoddi,26-Feb-23,0,15.4,33.8,2023
Siddipet,Mirdoddi,27-Feb-23,0,16.1,33.8,2023
Siddipet,Mirdoddi,28-Feb-23,0,17.7,33.5,2023
Siddipet,Mirdoddi,01-Mar-23,0,17,32.9,2023
Siddipet,Mirdoddi,02-Mar-23,0,17.1,32.8,2023
Siddipet,Mirdoddi,03-Mar-23,0,16.7,33.2,2023
Siddipet,Mirdoddi,04-Mar-23,0,18.6,33.8,2023
Siddipet,Mirdoddi,05-Mar-23,0,18,34,2023
Siddipet,Mirdoddi,06-Mar-23,0,16.2,34.3,2023
Siddipet,Mirdoddi,07-Mar-23,0,19.4,35.2,2023
Siddipet,Mirdoddi,08-Mar-23,0,15,29.2,2023
Siddipet,Mirdoddi,09-Mar-23,0,15.3,32.7,2023
Siddipet,Mirdoddi,10-Mar-23,0,16.7,33.5,2023
Siddipet,Mirdoddi,11-Mar-23,0,18,32.8,2023
Siddipet,Mirdoddi,12-Mar-23,0,19,33,2023
Siddipet,Mirdoddi,13-Mar-23,0,18.8,33.8,2023
Siddipet,Mirdoddi,14-Mar-23,0,17.2,34.8,2023
Siddipet,Mirdoddi,15-Mar-23,0,16.3,35.3,2023
Siddipet,Mirdoddi,16-Mar-23,0,20.1,33.1,2023
Siddipet,Mirdoddi,17-Mar-23,8.3,19.6,32,2023
Siddipet,Mirdoddi,18-Mar-23,0,19.7,28.7,2023
Siddipet,Mirdoddi,19-Mar-23,36.6,16.9,31.2,2023
Siddipet,Mirdoddi,20-Mar-23,0,20.5,31.5,2023
Siddipet,Mirdoddi,21-Mar-23,0,20.2,31.8,2023
Siddipet,Mirdoddi,22-Mar-23,0,19.3,32.4,2023
Siddipet,Mirdoddi,23-Mar-23,0,19.6,32.9,2023
Siddipet,Mirdoddi,24-Mar-23,0,20.4,33.5,2023
Siddipet,Mirdoddi,25-Mar-23,0,23.1,33.3,2023
Siddipet,Mirdoddi,26-Mar-23,4.2,21.8,32.7,2023
Siddipet,Mirdoddi,27-Mar-23,0,22.4,33.6,2023
Siddipet,Mirdoddi,28-Mar-23,0,21.3,33.8,2023
Siddipet,Mirdoddi,29-Mar-23,0,22.7,34.9,2023
Siddipet,Mirdoddi,30-Mar-23,0,21.6,35.5,2023
Siddipet,Mirdoddi,31-Mar-23,0,21.8,37,2023
Siddipet,Mirdoddi,01-Apr-23,0,20.6,33.5,2023
Siddipet,Mirdoddi,02-Apr-23,0,20.6,34.5,2023
Siddipet,Mirdoddi,03-Apr-23,0,22.9,35.2,2023
Siddipet,Mirdoddi,04-Apr-23,0,22.4,36.1,2023
Siddipet,Mirdoddi,05-Apr-23,0,21.3,35.6,2023
Siddipet,Mirdoddi,06-Apr-23,0,22.6,36.6,2023
Siddipet,Mirdoddi,07-Apr-23,0,22.9,35.9,2023
Siddipet,Mirdoddi,08-Apr-23,0,20.1,33.8,2023
Siddipet,Mirdoddi,09-Apr-23,0,20.8,33.6,2023
Siddipet,Mirdoddi,10-Apr-23,0,19.5,35.8,2023
Siddipet,Mirdoddi,11-Apr-23,0,21.6,36,2023
Siddipet,Mirdoddi,12-Apr-23,0,22.1,38.4,2023
Siddipet,Mirdoddi,13-Apr-23,0,24,38.2,2023
Siddipet,Mirdoddi,14-Apr-23,0,25.2,37.8,2023
Siddipet,Mirdoddi,15-Apr-23,0,22.1,36.6,2023
Siddipet,Mirdoddi,16-Apr-23,0,21,35.2,2023
Siddipet,Mirdoddi,17-Apr-23,0,22.1,37.7,2023
Siddipet,Mirdoddi,18-Apr-23,0,21.9,39.3,2023
Siddipet,Mirdoddi,19-Apr-23,0,22.6,40.6,2023
Siddipet,Mirdoddi,20-Apr-23,0,23.3,39.8,2023
Siddipet,Mirdoddi,21-Apr-23,5.4,21.1,38.5,2023
Siddipet,Mirdoddi,22-Apr-23,0,21.8,35.4,2023
Siddipet,Mirdoddi,23-Apr-23,0,20.9,37,2023
Siddipet,Mirdoddi,24-Apr-23,0,23.1,34.6,2023
Siddipet,Mirdoddi,25-Apr-23,7.5,21.4,35.1,2023
Siddipet,Mirdoddi,26-Apr-23,80.8,19.9,33.8,2023
Siddipet,Mirdoddi,27-Apr-23,0,22,34.1,2023
Siddipet,Mirdoddi,28-Apr-23,0.1,23.6,32.4,2023
Siddipet,Mirdoddi,29-Apr-23,0,21.8,32.6,2023
Siddipet,Mirdoddi,30-Apr-23,2.6,21.1,31.7,2023
Siddipet,Mirdoddi,01-May-23,15.4,19.9,32.9,2023
Siddipet,Mirdoddi,02-May-23,2.5,20.1,30.5,2023
Siddipet,Mirdoddi,03-May-23,0,21.4,31.4,2023
Siddipet,Mirdoddi,04-May-23,0,22.8,31.9,2023
Siddipet,Mirdoddi,05-May-23,0,23.9,32.1,2023
Siddipet,Mirdoddi,06-May-23,0,23,32.6,2023
Siddipet,Mirdoddi,07-May-23,0,23.8,33.5,2023
Siddipet,Mirdoddi,08-May-23,0,24.2,35.3,2023
Siddipet,Mirdoddi,09-May-23,0,25.3,35.7,2023
Siddipet,Mirdoddi,10-May-23,0,24.5,36.6,2023
Siddipet,Mirdoddi,11-May-23,0,25.5,36,2023
Siddipet,Mirdoddi,12-May-23,0,20.8,37.9,2023
Siddipet,Mirdoddi,13-May-23,0,22.4,37.5,2023
Siddipet,Mirdoddi,14-May-23,0,21.6,39,2023
Siddipet,Mirdoddi,15-May-23,0,24.3,38.7,2023
Siddipet,Mirdoddi,16-May-23,0,23.4,37.3,2023
Siddipet,Mirdoddi,17-May-23,0,22.4,38.6,2023
Siddipet,Mirdoddi,18-May-23,0,23.7,39.3,2023
Siddipet,Mirdoddi,19-May-23,0,24.2,38.8,2023
Siddipet,Mirdoddi,20-May-23,0,26.2,39.5,2023
Siddipet,Mirdoddi,21-May-23,0,23.2,38.5,2023
Siddipet,Mirdoddi,22-May-23,2.1,23,39.9,2023
Siddipet,Mirdoddi,23-May-23,0,25.1,37.8,2023
Siddipet,Mirdoddi,24-May-23,0,25.1,38.3,2023
Siddipet,Mirdoddi,25-May-23,0,27.2,40.4,2023
Siddipet,Mirdoddi,26-May-23,0,25.6,37.8,2023
Siddipet,Mirdoddi,27-May-23,0,24.8,37.1,2023
Siddipet,Mirdoddi,28-May-23,0,23.2,38.4,2023
Siddipet,Mirdoddi,29-May-23,0,24.4,38.7,2023
Siddipet,Mirdoddi,30-May-23,0,23.5,38.9,2023
Siddipet,Mirdoddi,31-May-23,0,23,33.9,2023
Siddipet,Mirdoddi,01-Jun-23,0,23.4,37.9,2023
Siddipet,Mirdoddi,02-Jun-23,0,26.2,39.5,2023
Siddipet,Mirdoddi,03-Jun-23,0,25.6,41.9,2023
Siddipet,Mirdoddi,04-Jun-23,0,28.7,39.9,2023
Siddipet,Mirdoddi,05-Jun-23,8.3,22.2,39.2,2023
Siddipet,Mirdoddi,06-Jun-23,0,23.8,37.2,2023
Siddipet,Mirdoddi,07-Jun-23,0,26.9,39.3,2023
Siddipet,Mirdoddi,08-Jun-23,0,26.5,39.1,2023
Siddipet,Mirdoddi,09-Jun-23,0,28,39.3,2023
Siddipet,Mirdoddi,10-Jun-23,0,27.7,39.1,2023
Siddipet,Mirdoddi,11-Jun-23,0,26.7,38.2,2023
Siddipet,Mirdoddi,12-Jun-23,0,27.3,36.8,2023
Siddipet,Mirdoddi,13-Jun-23,0,27.4,38.1,2023
Siddipet,Mirdoddi,14-Jun-23,0,27.7,38.9,2023
Siddipet,Mirdoddi,15-Jun-23,0,27.2,38,2023
Siddipet,Mirdoddi,16-Jun-23,0,27.6,38.1,2023
Siddipet,Mirdoddi,17-Jun-23,0,27.8,38.7,2023
Siddipet,Mirdoddi,18-Jun-23,0,28.6,38.4,2023
Siddipet,Mirdoddi,19-Jun-23,0,28.7,37.7,2023
Siddipet,Mirdoddi,20-Jun-23,0,26.3,37.5,2023
Siddipet,Mirdoddi,21-Jun-23,0,27.1,36.9,2023
Siddipet,Mirdoddi,22-Jun-23,7.7,24,36.3,2023
Siddipet,Mirdoddi,23-Jun-23,0,24.4,35,2023
Siddipet,Mirdoddi,24-Jun-23,2.6,24.6,32.2,2023
Siddipet,Mirdoddi,25-Jun-23,5.5,23.2,31,2023
Siddipet,Mirdoddi,26-Jun-23,35.5,22.9,29.7,2023
Siddipet,Mirdoddi,27-Jun-23,0,23.7,29,2023
Siddipet,Mirdoddi,28-Jun-23,12.1,23.2,29.8,2023
Siddipet,Mirdoddi,29-Jun-23,11.9,23.3,30.3,2023
Siddipet,Mirdoddi,30-Jun-23,0.4,24.1,30.6,2023
Siddipet,Mirdoddi,01-Jul-23,0,24.3,32.4,2023
Siddipet,Mirdoddi,02-Jul-23,3.4,23.4,33.3,2023
Siddipet,Mirdoddi,03-Jul-23,0.8,23.8,32.7,2023
Siddipet,Mirdoddi,04-Jul-23,0,25.4,32.8,2023
Siddipet,Mirdoddi,05-Jul-23,128.5,22.7,33.8,2023
Siddipet,Mirdoddi,06-Jul-23,0,24.3,31.2,2023
Siddipet,Mirdoddi,07-Jul-23,0,23.4,30.9,2023
Siddipet,Mirdoddi,08-Jul-23,0,24.2,31.5,2023
Siddipet,Mirdoddi,09-Jul-23,19.5,23.4,31,2023
Siddipet,Mirdoddi,10-Jul-23,0,25.1,31.3,2023
Siddipet,Mirdoddi,11-Jul-23,1.4,24,32.6,2023
Siddipet,Mirdoddi,12-Jul-23,0.5,21.8,27.4,2023
Siddipet,Mirdoddi,13-Jul-23,21.2,22.9,29.3,2023
Siddipet,Mirdoddi,14-Jul-23,0,23.6,32.8,2023
Siddipet,Mirdoddi,15-Jul-23,0,24,32,2023
Siddipet,Mirdoddi,16-Jul-23,0.9,22.7,28.5,2023
Siddipet,Mirdoddi,17-Jul-23,1.8,22.2,28.7,2023
Siddipet,Mirdoddi,18-Jul-23,20.5,22.5,27.7,2023
Siddipet,Mirdoddi,19-Jul-23,66.5,22.4,24.3,2023
Siddipet,Mirdoddi,20-Jul-23,95.4,21.5,23.4,2023
Siddipet,Mirdoddi,21-Jul-23,52.6,22.1,22.8,2023
Siddipet,Mirdoddi,22-Jul-23,5.7,22.5,24,2023
Siddipet,Mirdoddi,23-Jul-23,3.8,23.2,27,2023
Siddipet,Mirdoddi,24-Jul-23,3.2,22.6,29.7,2023
Siddipet,Mirdoddi,25-Jul-23,17.5,22.9,28.7,2023
Siddipet,Mirdoddi,26-Jul-23,14.8,23.1,25.9,2023
Siddipet,Mirdoddi,27-Jul-23,101,22.5,25,2023
Siddipet,Mirdoddi,28-Jul-23,33.8,22.4,24.5,2023
Siddipet,Mirdoddi,29-Jul-23,0,23.6,27.3,2023
Siddipet,Mirdoddi,30-Jul-23,0.8,23.7,28.9,2023
Siddipet,Mirdoddi,31-Jul-23,1.7,23.7,29.3,2023
Siddipet,Mirdoddi,01-Aug-23,3.5,23,29.4,2023
Siddipet,Mirdoddi,02-Aug-23,0,24.2,29,2023
Siddipet,Mirdoddi,03-Aug-23,0,24.3,28.7,2023
Siddipet,Mirdoddi,04-Aug-23,0,23.5,27.1,2023
Siddipet,Mirdoddi,05-Aug-23,0,23.9,31,2023
Siddipet,Mirdoddi,06-Aug-23,0,24.3,31.3,2023
Siddipet,Mirdoddi,07-Aug-23,0,23.9,31.4,2023
Siddipet,Mirdoddi,08-Aug-23,0,23.3,29.6,2023
Siddipet,Mirdoddi,09-Aug-23,0,23.5,30.6,2023
Siddipet,Mirdoddi,10-Aug-23,0,23.9,29.9,2023
Siddipet,Mirdoddi,11-Aug-23,0,23.8,31.4,2023
Siddipet,Mirdoddi,12-Aug-23,0,23.7,31.7,2023
Siddipet,Mirdoddi,13-Aug-23,0.3,24.4,29.7,2023
Siddipet,Mirdoddi,14-Aug-23,0.6,23,32.6,2023
Siddipet,Mirdoddi,15-Aug-23,0,23.5,31,2023
Siddipet,Mirdoddi,16-Aug-23,0,24.7,30.7,2023
Siddipet,Mirdoddi,17-Aug-23,0.3,24.2,29.5,2023
Siddipet,Mirdoddi,18-Aug-23,0,24.5,29.9,2023
Siddipet,Mirdoddi,19-Aug-23,12.8,21.6,26.2,2023
Siddipet,Mirdoddi,20-Aug-23,7.1,21.6,24.3,2023
Siddipet,Mirdoddi,21-Aug-23,0,23.6,28.6,2023
Siddipet,Mirdoddi,22-Aug-23,0,24,30.2,2023
Siddipet,Mirdoddi,23-Aug-23,0,23.8,32.1,2023
Siddipet,Mirdoddi,24-Aug-23,0,23.7,30.8,2023
Siddipet,Mirdoddi,25-Aug-23,0,23.7,29.2,2023
Siddipet,Mirdoddi,26-Aug-23,1.3,23.5,31.9,2023
Siddipet,Mirdoddi,27-Aug-23,0,23.4,31.4,2023
Siddipet,Mirdoddi,28-Aug-23,0,23.2,31.8,2023
Siddipet,Mirdoddi,29-Aug-23,0,21.7,30.2,2023
Siddipet,Mirdoddi,30-Aug-23,0,21.8,31.1,2023
Siddipet,Mirdoddi,31-Aug-23,0,22,31.5,2023
Siddipet,Mirdoddi,01-Sep-23,0,24.1,32,2023
Siddipet,Mirdoddi,02-Sep-23,0,24.4,32.2,2023
Siddipet,Mirdoddi,03-Sep-23,9.1,23.5,32.7,2023
Siddipet,Mirdoddi,04-Sep-23,37.8,22.4,24.7,2023
Siddipet,Mirdoddi,05-Sep-23,61.3,22,25.4,2023
Siddipet,Mirdoddi,06-Sep-23,45.3,22.9,27.4,2023
Siddipet,Mirdoddi,07-Sep-23,13.2,22.7,26.8,2023
Siddipet,Mirdoddi,08-Sep-23,0,23.6,26.2,2023
Siddipet,Mirdoddi,09-Sep-23,0,23.1,28.1,2023
Siddipet,Mirdoddi,10-Sep-23,0,23.6,28,2023
Siddipet,Mirdoddi,11-Sep-23,9.3,22.4,25.8,2023
Siddipet,Mirdoddi,12-Sep-23,0,23.8,29.6,2023
Siddipet,Mirdoddi,13-Sep-23,0,23.1,28.7,2023
Siddipet,Mirdoddi,14-Sep-23,0,23.8,29.1,2023
Siddipet,Mirdoddi,15-Sep-23,0.4,23,27.7,2023
Siddipet,Mirdoddi,16-Sep-23,1.8,23.2,30.4,2023
Siddipet,Mirdoddi,17-Sep-23,0,21.5,31.2,2023
Siddipet,Mirdoddi,18-Sep-23,0,22.3,31.6,2023
Siddipet,Mirdoddi,19-Sep-23,0,22.4,32.2,2023
Siddipet,Mirdoddi,20-Sep-23,0,23.6,32.1,2023
Siddipet,Mirdoddi,21-Sep-23,25.9,23.1,32,2023
Siddipet,Mirdoddi,22-Sep-23,9.6,22.8,28.6,2023
Siddipet,Mirdoddi,23-Sep-23,0.4,22.4,27.1,2023
Siddipet,Mirdoddi,24-Sep-23,0,23.1,30.6,2023
Siddipet,Mirdoddi,25-Sep-23,31.4,22.9,30.7,2023
Siddipet,Mirdoddi,26-Sep-23,0,22.2,29.2,2023
Siddipet,Mirdoddi,27-Sep-23,0,23.1,29.5,2023
Siddipet,Mirdoddi,28-Sep-23,11.6,23.4,32.1,2023
Siddipet,Mirdoddi,29-Sep-23,0,23.5,32.3,2023
Siddipet,Mirdoddi,30-Sep-23,26.6,22.5,29.9,2023
